ÀÏÀÚ,¼Û±Ý,,ÇöÂû,,T/C»ç½Ç¶§,¸Å¸Å±âÁØÀ²,ÇÑ±¹ÀºÇà±âÁØÀ²,´ë¹ÌÈ¯»êÀ²
,º¸³»½Ç¶§,¹ÞÀ¸½Ç¶§,»ç½Ç¶§,ÆÄ½Ç¶§,,(ÀüÀÏ´ëºñ),,
2019.05.10,"1,189.40","1,166.60","1,198.61","1,157.39","1,192.13/td>","1,178.00","1,175.80",1.0000
,,,,,,ÇÏ¶ô-4.50,,
2019.05.09,"1,193.90","1,171.10","1,203.19","1,161.81","1,196.69/td>","1,182.50","1,169.90",1.0000
,,,,,,»ó½Â12.00,,
2019.05.08,"1,181.80","1,159.20","1,190.98","1,150.02","1,184.54/td>","1,170.50","1,169.80",1.0000
,,,,,,»ó½Â2.50,,
2019.05.07,"1,179.30","1,156.70","1,188.44","1,147.56","1,182.01/td>","1,168.00","1,169.40",1.0000
,,,,,,ÇÏ¶ô-2.50,,
2019.05.03,"1,181.80","1,159.20","1,190.98","1,150.02","1,184.54/td>","1,170.50","1,163.90",1.0000
,,,,,,»ó½Â5.50,,
2019.05.02,"1,176.30","1,153.70","1,185.38","1,144.62","1,178.98/td>","1,165.00","1,163.80",1.0000
,,,,,,ÇÏ¶ô-1.00,,
2019.04.30,"1,177.30","1,154.70","1,186.40","1,145.60","1,179.99/td>","1,166.00","1,158.20",1.0000
,,,,,,»ó½Â5.50,,
2019.04.29,"1,171.70","1,149.30","1,180.80","1,140.20","1,174.42/td>","1,160.50","1,159.70",1.0000
2019.04.26,"1,171.70","1,149.30","1,180.80","1,140.20","1,174.42/td>","1,160.50","1,158.70",1.0000
,,,,,,ÇÏ¶ô-3.00,,
2019.04.25,"1,174.70","1,152.30","1,183.86","1,143.14","1,177.46/td>","1,163.50","1,146.90",1.0000
,,,,,,»ó½Â13.50,,
2019.04.24,"1,161.10","1,138.90","1,170.12","1,129.88","1,163.80/td>","1,150.00","1,141.10",1.0000
,,,,,,»ó½Â7.50,,
2019.04.23,"1,153.50","1,131.50","1,162.49","1,122.51","1,156.21/td>","1,142.50","1,140.80",1.0000
,,,,,,»ó½Â1.00,,
2019.04.22,"1,152.50","1,130.50","1,161.47","1,121.53","1,155.19/td>","1,141.50","1,137.10",1.0000
,,,,,,»ó½Â5.00,,
2019.04.19,"1,147.50","1,125.50","1,156.38","1,116.62","1,150.13/td>","1,136.50","1,136.20",1.0000
,,,,,,ÇÏ¶ô-1.00,,
2019.04.18,"1,148.50","1,126.50","1,157.40","1,117.60","1,151.15/td>","1,137.50","1,136.10",1.0000
,,,,,,»ó½Â4.00,,
2019.04.17,"1,144.40","1,122.60","1,153.33","1,113.67","1,147.10/td>","1,133.50","1,135.70",1.0000
,,,,,,ÇÏ¶ô-2.50,,
2019.04.16,"1,147.00","1,125.00","1,155.88","1,116.12","1,149.63/td>","1,136.00","1,133.90",1.0000
,,,,,,»ó½Â3.00,,
2019.04.15,"1,143.90","1,122.10","1,152.82","1,113.18","1,146.59/td>","1,133.00","1,140.50",1.0000
,,,,,,ÇÏ¶ô-5.00,,
2019.04.12,"1,149.00","1,127.00","1,157.91","1,118.09","1,151.65/td>","1,138.00","1,139.20",1.0000
,,,,,,ÇÏ¶ô-2.00,,
2019.04.11,"1,151.00","1,129.00","1,159.95","1,120.05","1,153.68/td>","1,140.00","1,141.20",1.0000
,,,,,,»ó½Â0.50,,
2019.04.10,"1,150.50","1,128.50","1,159.44","1,119.56","1,153.17/td>","1,139.50","1,142.80",1.0000
,,,,,,ÇÏ¶ô-1.00,,
2019.04.09,"1,151.50","1,129.50","1,160.45","1,120.55","1,154.18/td>","1,140.50","1,141.40",1.0000
,,,,,,ÇÏ¶ô-5.00,,
2019.04.08,"1,156.60","1,134.40","1,165.54","1,125.46","1,159.24/td>","1,145.50","1,136.40",1.0000
,,,,,,»ó½Â7.50,,
2019.04.05,"1,149.00","1,127.00","1,157.91","1,118.09","1,151.65/td>","1,138.00","1,135.50",1.0000
2019.04.04,"1,149.00","1,127.00","1,157.91","1,118.09","1,151.65/td>","1,138.00","1,134.90",1.0000
,,,,,,»ó½Â3.00,,
2019.04.03,"1,146.00","1,124.00","1,154.86","1,115.14","1,148.62/td>","1,135.00","1,135.80",1.0000
,,,,,,ÇÏ¶ô-2.00,,
2019.04.02,"1,148.00","1,126.00","1,156.89","1,117.11","1,150.64/td>","1,137.00","1,132.70",1.0000
,,,,,,»ó½Â2.50,,
2019.04.01,"1,145.50","1,123.50","1,154.35","1,114.65","1,148.11/td>","1,134.50","1,136.10",1.0000
,,,,,,ÇÏ¶ô-1.50,,
2019.03.29,"1,147.00","1,125.00","1,155.88","1,116.12","1,149.63/td>","1,136.00","1,137.80",1.0000
,,,,,,ÇÏ¶ô-1.50,,
2019.03.28,"1,148.50","1,126.50","1,157.40","1,117.60","1,151.15/td>","1,137.50","1,134.70",1.0000
,,,,,,»ó½Â1.50,,
2019.03.27,"1,147.00","1,125.00","1,155.88","1,116.12","1,149.63/td>","1,136.00","1,132.10",1.0000
,,,,,,»ó½Â2.00,,
2019.03.26,"1,144.90","1,123.10","1,153.84","1,114.16","1,147.60/td>","1,134.00","1,134.90",1.0000
2019.03.25,"1,144.90","1,123.10","1,153.84","1,114.16","1,147.60/td>","1,134.00","1,129.80",1.0000
2019.03.22,"1,144.90","1,123.10","1,153.84","1,114.16","1,147.60/td>","1,134.00","1,125.80",1.0000
,,,,,,»ó½Â5.50,,
2019.03.21,"1,139.40","1,117.60","1,148.24","1,108.76","1,142.04/td>","1,128.50","1,130.40",1.0000
,,,,,,ÇÏ¶ô-1.50,,
2019.03.20,"1,140.90","1,119.10","1,149.77","1,110.23","1,143.56/td>","1,130.00","1,130.90",1.0000
,,,,,,ÇÏ¶ô-1.00,,
2019.03.19,"1,141.90","1,120.10","1,150.79","1,111.21","1,144.57/td>","1,131.00","1,133.70",1.0000
,,,,,,ÇÏ¶ô-2.00,,
2019.03.18,"1,143.90","1,122.10","1,152.82","1,113.18","1,146.59/td>","1,133.00","1,136.10",1.0000
,,,,,,ÇÏ¶ô-3.50,,
2019.03.15,"1,147.50","1,125.50","1,156.38","1,116.62","1,150.13/td>","1,136.50","1,132.70",1.0000
,,,,,,»ó½Â2.50,,
2019.03.14,"1,144.90","1,123.10","1,153.84","1,114.16","1,147.60/td>","1,134.00","1,131.50",1.0000
,,,,,,»ó½Â1.00,,
2019.03.13,"1,143.90","1,122.10","1,152.82","1,113.18","1,146.59/td>","1,133.00","1,128.70",1.0000
,,,,,,»ó½Â3.00,,
2019.03.12,"1,140.90","1,119.10","1,149.77","1,110.23","1,143.56/td>","1,130.00","1,134.50",1.0000
,,,,,,ÇÏ¶ô-4.00,,
2019.03.11,"1,144.90","1,123.10","1,153.84","1,114.16","1,147.60/td>","1,134.00","1,134.00",1.0000
,,,,,,ÇÏ¶ô-3.00,,
2019.03.08,"1,148.00","1,126.00","1,156.89","1,117.11","1,150.64/td>","1,137.00","1,128.30",1.0000
,,,,,,»ó½Â8.50,,
2019.03.07,"1,139.40","1,117.60","1,148.24","1,108.76","1,142.04/td>","1,128.50","1,127.80",1.0000
,,,,,,ÇÏ¶ô-0.50,,
2019.03.06,"1,139.90","1,118.10","1,148.75","1,109.25","1,142.54/td>","1,129.00","1,125.80",1.0000
,,,,,,»ó½Â2.50,,
2019.03.05,"1,137.40","1,115.60","1,146.21","1,106.79","1,140.01/td>","1,126.50","1,125.00",1.0000
2019.03.04,"1,137.40","1,115.60","1,146.21","1,106.79","1,140.01/td>","1,126.50","1,119.90",1.0000
,,,,,,»ó½Â2.50,,
2019.02.28,"1,134.90","1,113.10","1,143.67","1,104.33","1,137.48/td>","1,124.00","1,117.80",1.0000
,,,,,,»ó½Â5.00,,
2019.02.27,"1,129.80","1,108.20","1,138.58","1,099.42","1,132.42/td>","1,119.00","1,118.30",1.0000
,,,,,,»ó½Â1.00,,
2019.02.26,"1,128.80","1,107.20","1,137.56","1,098.44","1,131.41/td>","1,118.00","1,120.80",1.0000
,,,,,,ÇÏ¶ô-2.00,,
2019.02.25,"1,130.80","1,109.20","1,139.60","1,100.40","1,133.44/td>","1,120.00","1,125.70",1.0000
,,,,,,ÇÏ¶ô-4.50,,
2019.02.22,"1,135.40","1,113.60","1,144.17","1,104.83","1,137.99/td>","1,124.50","1,124.40",1.0000
,,,,,,ÇÏ¶ô-1.00,,
2019.02.21,"1,136.40","1,114.60","1,145.19","1,105.81","1,139.00/td>","1,125.50","1,122.60",1.0000
,,,,,,»ó½Â2.00,,
2019.02.20,"1,134.30","1,112.70","1,143.16","1,103.84","1,136.98/td>","1,123.50","1,127.50",1.0000
,,,,,,ÇÏ¶ô-4.50,,
2019.02.19,"1,138.90","1,117.10","1,147.74","1,108.26","1,141.53/td>","1,128.00","1,124.70",1.0000
,,,,,,»ó½Â2.00,,
2019.02.18,"1,136.90","1,115.10","1,145.70","1,106.30","1,139.51/td>","1,126.00","1,127.70",1.0000
,,,,,,ÇÏ¶ô-3.50,,
2019.02.15,"1,140.40","1,118.60","1,149.26","1,109.74","1,143.05/td>","1,129.50","1,125.00",1.0000
,,,,,,»ó½Â2.00,,
2019.02.14,"1,138.40","1,116.60","1,147.23","1,107.77","1,141.03/td>","1,127.50","1,121.70",1.0000
,,,,,,»ó½Â5.20,,
2019.02.13,"1,133.10","1,111.50","1,141.94","1,102.66","1,135.76/td>","1,122.30","1,124.60",1.0000
,,,,,,ÇÏ¶ô-2.70,,
2019.02.12,"1,135.90","1,114.10","1,144.68","1,105.32","1,138.50/td>","1,125.00","1,124.50",1.0000
,,,,,,ÇÏ¶ô-0.50,,
2019.02.11,"1,136.40","1,114.60","1,145.19","1,105.81","1,139.00/td>","1,125.50","1,124.50",1.0000
,,,,,,»ó½Â2.50,,
2019.02.08,"1,133.80","1,112.20","1,142.65","1,103.35","1,136.47/td>","1,123.00","1,123.40",1.0000
,,,,,,ÇÏ¶ô-3.00,,
2019.02.07,"1,136.90","1,115.10","1,145.70","1,106.30","1,139.51/td>","1,126.00","1,116.80",1.0000
,,,,,,»ó½Â7.50,,
2019.02.01,"1,129.30","1,107.70","1,138.07","1,098.93","1,131.92/td>","1,118.50","1,111.60",1.0000
,,,,,,»ó½Â5.00,,
2019.01.31,"1,124.30","1,102.70","1,132.98","1,094.02","1,126.86/td>","1,113.50","1,117.20",1.0000
,,,,,,ÇÏ¶ô-4.00,,
2019.01.30,"1,128.30","1,106.70","1,137.05","1,097.95","1,130.91/td>","1,117.50","1,118.10",1.0000
,,,,,,ÇÏ¶ô-1.00,,
2019.01.29,"1,129.30","1,107.70","1,138.07","1,098.93","1,131.92/td>","1,118.50","1,116.90",1.0000
,,,,,,ÇÏ¶ô-0.50,,
2019.01.28,"1,129.80","1,108.20","1,138.58","1,099.42","1,132.42/td>","1,119.00","1,125.10",1.0000
,,,,,,ÇÏ¶ô-3.00,,
2019.01.25,"1,132.80","1,111.20","1,141.63","1,102.37","1,135.46/td>","1,122.00","1,128.00",1.0000
,,,,,,ÇÏ¶ô-7.50,,
2019.01.24,"1,140.40","1,118.60","1,149.26","1,109.74","1,143.05/td>","1,129.50","1,128.20",1.0000
,,,,,,»ó½Â1.50,,
2019.01.23,"1,138.90","1,117.10","1,147.74","1,108.26","1,141.53/td>","1,128.00","1,130.20",1.0000
,,,,,,ÇÏ¶ô-4.00,,
2019.01.22,"1,142.90","1,121.10","1,151.81","1,112.19","1,145.58/td>","1,132.00","1,126.50",1.0000
,,,,,,»ó½Â1.50,,
2019.01.21,"1,141.40","1,119.60","1,150.28","1,110.72","1,144.06/td>","1,130.50","1,121.30",1.0000
,,,,,,»ó½Â8.50,,
2019.01.18,"1,132.80","1,111.20","1,141.63","1,102.37","1,135.46/td>","1,122.00","1,121.40",1.0000
,,,,,,ÇÏ¶ô-1.00,,
2019.01.17,"1,133.80","1,112.20","1,142.65","1,103.35","1,136.47/td>","1,123.00","1,122.00",1.0000
,,,,,,»ó½Â2.00,,
2019.01.16,"1,131.80","1,110.20","1,140.61","1,101.39","1,134.45/td>","1,121.00","1,120.10",1.0000
2019.01.15,"1,131.80","1,110.20","1,140.61","1,101.39","1,134.45/td>","1,121.00","1,121.40",1.0000
,,,,,,ÇÏ¶ô-2.00,,
2019.01.14,"1,133.80","1,112.20","1,142.65","1,103.35","1,136.47/td>","1,123.00","1,117.60",1.0000
,,,,,,»ó½Â7.00,,
2019.01.11,"1,126.80","1,105.20","1,135.53","1,096.47","1,129.39/td>","1,116.00","1,118.90",1.0000
,,,,,,ÇÏ¶ô-3.50,,
2019.01.10,"1,130.30","1,108.70","1,139.09","1,099.91","1,132.93/td>","1,119.50","1,121.60",1.0000
,,,,,,ÇÏ¶ô-2.00,,
2019.01.09,"1,132.30","1,110.70","1,141.12","1,101.88","1,134.95/td>","1,121.50","1,121.70",1.0000
,,,,,,ÇÏ¶ô-4.00,,
2019.01.08,"1,136.40","1,114.60","1,145.19","1,105.81","1,139.00/td>","1,125.50","1,118.00",1.0000
,,,,,,»ó½Â6.00,,
2019.01.07,"1,130.30","1,108.70","1,139.09","1,099.91","1,132.93/td>","1,119.50","1,125.20",1.0000
,,,,,,ÇÏ¶ô-4.50,,
2019.01.04,"1,134.90","1,113.10","1,143.67","1,104.33","1,137.48/td>","1,124.00","1,127.50",1.0000
,,,,,,ÇÏ¶ô-3.50,,
2019.01.03,"1,138.40","1,116.60","1,147.23","1,107.77","1,141.03/td>","1,127.50","1,119.00",1.0000
,,,,,,»ó½Â7.00,,
2019.01.02,"1,131.30","1,109.70","1,140.10","1,100.90","1,133.94/td>","1,120.50","1,118.10",1.0000
,,,,,,»ó½Â6.50,,
2018.12.31,"1,124.80","1,103.20","1,133.49","1,094.51","1,127.36/td>","1,114.00","1,118.10",1.0000
,,,,,,ÇÏ¶ô-2.50,,
2018.12.28,"1,127.30","1,105.70","1,136.03","1,096.97","1,129.89/td>","1,116.50","1,121.30",1.0000
,,,,,,ÇÏ¶ô-3.50,,
2018.12.27,"1,130.80","1,109.20","1,139.60","1,100.40","1,133.44/td>","1,120.00","1,125.60",1.0000
,,,,,,ÇÏ¶ô-6.00,,
2018.12.26,"1,136.90","1,115.10","1,145.70","1,106.30","1,139.51/td>","1,126.00","1,125.20",1.0000
,,,,,,»ó½Â0.50,,
2018.12.24,"1,136.40","1,114.60","1,145.19","1,105.81","1,139.00/td>","1,125.50","1,123.90",1.0000
,,,,,,»ó½Â2.00,,
2018.12.21,"1,134.30","1,112.70","1,143.16","1,103.84","1,136.98/td>","1,123.50","1,128.90",1.0000
,,,,,,ÇÏ¶ô-2.50,,
2018.12.20,"1,136.90","1,115.10","1,145.70","1,106.30","1,139.51/td>","1,126.00","1,125.10",1.0000
,,,,,,ÇÏ¶ô-0.50,,
2018.12.19,"1,137.40","1,115.60","1,146.21","1,106.79","1,140.01/td>","1,126.50","1,129.90",1.0000
,,,,,,ÇÏ¶ô-2.50,,
2018.12.18,"1,139.90","1,118.10","1,148.75","1,109.25","1,142.54/td>","1,129.00","1,131.60",1.0000
,,,,,,ÇÏ¶ô-2.50,,
2018.12.17,"1,142.40","1,120.60","1,151.30","1,111.70","1,145.07/td>","1,131.50","1,129.20",1.0000
,,,,,,ÇÏ¶ô-2.50,,
2018.12.14,"1,144.90","1,123.10","1,153.84","1,114.16","1,147.60/td>","1,134.00","1,124.00",1.0000
,,,,,,»ó½Â9.00,,
2018.12.13,"1,135.90","1,114.10","1,144.68","1,105.32","1,138.50/td>","1,125.00","1,127.60",1.0000
,,,,,,ÇÏ¶ô-4.50,,
2018.12.12,"1,140.40","1,118.60","1,149.26","1,109.74","1,143.05/td>","1,129.50","1,129.40",1.0000
,,,,,,ÇÏ¶ô-1.50,,
2018.12.11,"1,141.90","1,120.10","1,150.79","1,111.21","1,144.57/td>","1,131.00","1,124.70",1.0000
,,,,,,»ó½Â3.00,,
2018.12.10,"1,138.90","1,117.10","1,147.74","1,108.26","1,141.53/td>","1,128.00","1,118.20",1.0000
,,,,,,»ó½Â7.50,,
2018.12.07,"1,131.30","1,109.70","1,140.10","1,100.90","1,133.94/td>","1,120.50","1,117.80",1.0000
,,,,,,»ó½Â1.00,,
2018.12.06,"1,130.30","1,108.70","1,139.09","1,099.91","1,132.93/td>","1,119.50","1,113.60",1.0000
,,,,,,»ó½Â6.00,,
2018.12.05,"1,124.30","1,102.70","1,132.98","1,094.02","1,126.86/td>","1,113.50","1,109.80",1.0000
,,,,,,»ó½Â6.50,,
2018.12.04,"1,117.70","1,096.30","1,126.37","1,087.63","1,120.28/td>","1,107.00","1,113.70",1.0000
,,,,,,ÇÏ¶ô-3.50,,
2018.12.03,"1,121.20","1,099.80","1,129.93","1,091.07","1,123.82/td>","1,110.50","1,120.30",1.0000
,,,,,,ÇÏ¶ô-11.50,,
2018.11.30,"1,132.80","1,111.20","1,141.63","1,102.37","1,135.46/td>","1,122.00","1,121.80",1.0000
,,,,,,»ó½Â1.00,,
2018.11.29,"1,131.80","1,110.20","1,140.61","1,101.39","1,134.45/td>","1,121.00","1,128.90",1.0000
,,,,,,ÇÏ¶ô-7.00,,
2018.11.28,"1,138.90","1,117.10","1,147.74","1,108.26","1,141.53/td>","1,128.00","1,129.70",1.0000
,,,,,,ÇÏ¶ô-1.50,,
2018.11.27,"1,140.40","1,118.60","1,149.26","1,109.74","1,143.05/td>","1,129.50","1,129.90",1.0000
,,,,,,»ó½Â1.00,,
2018.11.26,"1,139.40","1,117.60","1,148.24","1,108.76","1,142.04/td>","1,128.50","1,130.50",1.0000
,,,,,,ÇÏ¶ô-4.00,,
2018.11.23,"1,143.40","1,121.60","1,152.31","1,112.69","1,146.09/td>","1,132.50","1,129.00",1.0000
,,,,,,»ó½Â2.50,,
2018.11.22,"1,140.90","1,119.10","1,149.77","1,110.23","1,143.56/td>","1,130.00","1,131.30",1.0000
,,,,,,ÇÏ¶ô-0.50,,
2018.11.21,"1,141.40","1,119.60","1,150.28","1,110.72","1,144.06/td>","1,130.50","1,127.50",1.0000
,,,,,,»ó½Â3.50,,
2018.11.20,"1,137.90","1,116.10","1,146.72","1,107.28","1,140.52/td>","1,127.00","1,127.40",1.0000
,,,,,,»ó½Â0.50,,
2018.11.19,"1,137.40","1,115.60","1,146.21","1,106.79","1,140.01/td>","1,126.50","1,128.70",1.0000
,,,,,,ÇÏ¶ô-3.50,,
2018.11.16,"1,140.90","1,119.10","1,149.77","1,110.23","1,143.56/td>","1,130.00","1,130.30",1.0000
,,,,,,»ó½Â0.50,,
2018.11.15,"1,140.40","1,118.60","1,149.26","1,109.74","1,143.05/td>","1,129.50","1,132.40",1.0000
,,,,,,ÇÏ¶ô-6.50,,
2018.11.14,"1,147.00","1,125.00","1,155.88","1,116.12","1,149.63/td>","1,136.00","1,135.70",1.0000
,,,,,,»ó½Â2.00,,
2018.11.13,"1,144.90","1,123.10","1,153.84","1,114.16","1,147.60/td>","1,134.00","1,132.00",1.0000
,,,,,,ÇÏ¶ô-3.50,,
2018.11.12,"1,148.50","1,126.50","1,157.40","1,117.60","1,151.15/td>","1,137.50","1,125.70",1.0000
,,,,,,»ó½Â8.50,,
2018.11.09,"1,139.90","1,118.10","1,148.75","1,109.25","1,142.54/td>","1,129.00","1,118.40",1.0000
,,,,,,»ó½Â13.00,,
2018.11.08,"1,126.80","1,105.20","1,135.53","1,096.47","1,129.39/td>","1,116.00","1,120.90",1.0000
,,,,,,ÇÏ¶ô-5.50,,
2018.11.07,"1,132.30","1,110.70","1,141.12","1,101.88","1,134.95/td>","1,121.50","1,122.50",1.0000
,,,,,,ÇÏ¶ô-2.50,,
2018.11.06,"1,134.90","1,113.10","1,143.67","1,104.33","1,137.48/td>","1,124.00","1,122.70",1.0000
,,,,,,»ó½Â0.50,,
2018.11.05,"1,134.30","1,112.70","1,143.16","1,103.84","1,136.98/td>","1,123.50","1,125.50",1.0000
,,,,,,»ó½Â5.00,,
2018.11.02,"1,129.30","1,107.70","1,138.07","1,098.93","1,131.92/td>","1,118.50","1,138.80",1.0000
,,,,,,ÇÏ¶ô-14.50,,
2018.11.01,"1,143.90","1,122.10","1,152.82","1,113.18","1,146.59/td>","1,133.00","1,139.20",1.0000
,,,,,,ÇÏ¶ô-6.00,,
2018.10.31,"1,150.00","1,128.00","1,158.93","1,119.07","1,152.66/td>","1,139.00","1,140.60",1.0000
,,,,,,»ó½Â0.50,,
2018.10.30,"1,149.50","1,127.50","1,158.42","1,118.58","1,152.16/td>","1,138.50","1,138.60",1.0000
,,,,,,ÇÏ¶ô-4.00,,
2018.10.29,"1,153.50","1,131.50","1,162.49","1,122.51","1,156.21/td>","1,142.50","1,140.60",1.0000
,,,,,,»ó½Â1.50,,
2018.10.26,"1,152.00","1,130.00","1,160.96","1,121.04","1,154.69/td>","1,141.00","1,138.50",1.0000
,,,,,,»ó½Â3.00,,
2018.10.25,"1,149.00","1,127.00","1,157.91","1,118.09","1,151.65/td>","1,138.00","1,132.20",1.0000
,,,,,,»ó½Â5.00,,
2018.10.24,"1,143.90","1,122.10","1,152.82","1,113.18","1,146.59/td>","1,133.00","1,135.80",1.0000
,,,,,,ÇÏ¶ô-3.50,,
2018.10.23,"1,147.50","1,125.50","1,156.38","1,116.62","1,150.13/td>","1,136.50","1,130.90",1.0000
,,,,,,»ó½Â5.50,,
2018.10.22,"1,141.90","1,120.10","1,150.79","1,111.21","1,144.57/td>","1,131.00","1,134.30",1.0000
,,,,,,ÇÏ¶ô-2.00,,
2018.10.19,"1,143.90","1,122.10","1,152.82","1,113.18","1,146.59/td>","1,133.00","1,132.60",1.0000
,,,,,,ÇÏ¶ô-1.50,,
2018.10.18,"1,145.50","1,123.50","1,154.35","1,114.65","1,148.11/td>","1,134.50","1,125.00",1.0000
,,,,,,»ó½Â8.00,,
2018.10.17,"1,137.40","1,115.60","1,146.21","1,106.79","1,140.01/td>","1,126.50","1,128.10",1.0000
,,,,,,»ó½Â0.50,,
2018.10.16,"1,136.90","1,115.10","1,145.70","1,106.30","1,139.51/td>","1,126.00","1,133.40",1.0000
,,,,,,ÇÏ¶ô-7.50,,
2018.10.15,"1,144.40","1,122.60","1,153.33","1,113.67","1,147.10/td>","1,133.50","1,133.30",1.0000
,,,,,,»ó½Â0.50,,
2018.10.12,"1,143.90","1,122.10","1,152.82","1,113.18","1,146.59/td>","1,133.00","1,142.50",1.0000
,,,,,,ÇÏ¶ô-9.50,,
2018.10.11,"1,153.50","1,131.50","1,162.49","1,122.51","1,156.21/td>","1,142.50","1,132.50",1.0000
,,,,,,»ó½Â5.00,,
2018.10.10,"1,148.50","1,126.50","1,157.40","1,117.60","1,151.15/td>","1,137.50","1,131.70",1.0000
,,,,,,»ó½Â0.50,,
2018.10.08,"1,148.00","1,126.00","1,156.89","1,117.11","1,150.64/td>","1,137.00","1,130.70",1.0000
,,,,,,»ó½Â7.00,,
2018.10.05,"1,140.90","1,119.10","1,149.77","1,110.23","1,143.56/td>","1,130.00","1,128.30",1.0000
2018.10.04,"1,140.90","1,119.10","1,149.77","1,110.23","1,143.56/td>","1,130.00","1,116.40",1.0000
,,,,,,»ó½Â8.50,,
2018.10.02,"1,132.30","1,110.70","1,141.12","1,101.88","1,134.95/td>","1,121.50","1,110.90",1.0000
,,,,,,»ó½Â10.50,,
2018.10.01,"1,121.70","1,100.30","1,130.44","1,091.56","1,124.33/td>","1,111.00","1,110.20",1.0000
,,,,,,»ó½Â0.50,,
2018.09.28,"1,121.20","1,099.80","1,129.93","1,091.07","1,123.82/td>","1,110.50","1,112.70",1.0000
,,,,,,ÇÏ¶ô-1.50,,
2018.09.27,"1,122.70","1,101.30","1,131.46","1,092.54","1,125.34/td>","1,112.00","1,116.60",1.0000
,,,,,,ÇÏ¶ô-4.50,,
2018.09.21,"1,127.30","1,105.70","1,136.03","1,096.97","1,129.89/td>","1,116.50","1,119.90",1.0000
,,,,,,ÇÏ¶ô-5.50,,
2018.09.20,"1,132.80","1,111.20","1,141.63","1,102.37","1,135.46/td>","1,122.00","1,123.00",1.0000
2018.09.19,"1,132.80","1,111.20","1,141.63","1,102.37","1,135.46/td>","1,122.00","1,126.30",1.0000
,,,,,,ÇÏ¶ô-2.50,,
2018.09.18,"1,135.40","1,113.60","1,144.17","1,104.83","1,137.99/td>","1,124.50","1,126.20",1.0000
,,,,,,ÇÏ¶ô-2.50,,
2018.09.17,"1,137.90","1,116.10","1,146.72","1,107.28","1,140.52/td>","1,127.00","1,119.20",1.0000
,,,,,,»ó½Â9.00,,
2018.09.14,"1,128.80","1,107.20","1,137.56","1,098.44","1,131.41/td>","1,118.00","1,121.20",1.0000
,,,,,,ÇÏ¶ô-5.00,,
2018.09.13,"1,133.80","1,112.20","1,142.65","1,103.35","1,136.47/td>","1,123.00","1,127.30",1.0000
,,,,,,ÇÏ¶ô-5.50,,
2018.09.12,"1,139.40","1,117.60","1,148.24","1,108.76","1,142.04/td>","1,128.50","1,126.80",1.0000
,,,,,,»ó½Â1.00,,
2018.09.11,"1,138.40","1,116.60","1,147.23","1,107.77","1,141.03/td>","1,127.50","1,128.10",1.0000
,,,,,,ÇÏ¶ô-1.00,,
2018.09.10,"1,139.40","1,117.60","1,148.24","1,108.76","1,142.04/td>","1,128.50","1,123.10",1.0000
,,,,,,»ó½Â5.50,,
2018.09.07,"1,133.80","1,112.20","1,142.65","1,103.35","1,136.47/td>","1,123.00","1,121.20",1.0000
,,,,,,»ó½Â2.00,,
2018.09.06,"1,131.80","1,110.20","1,140.61","1,101.39","1,134.45/td>","1,121.00","1,117.60",1.0000
,,,,,,ÇÏ¶ô-2.50,,
2018.09.05,"1,134.30","1,112.70","1,143.16","1,103.84","1,136.98/td>","1,123.50","1,114.20",1.0000
,,,,,,»ó½Â7.50,,
2018.09.04,"1,126.80","1,105.20","1,135.53","1,096.47","1,129.39/td>","1,116.00","1,113.50",1.0000
,,,,,,»ó½Â4.50,,
2018.09.03,"1,122.20","1,100.80","1,130.95","1,092.05","1,124.83/td>","1,111.50","1,113.30",1.0000
,,,,,,ÇÏ¶ô-4.50,,
2018.08.31,"1,126.80","1,105.20","1,135.53","1,096.47","1,129.39/td>","1,116.00","1,108.80",1.0000
,,,,,,»ó½Â6.00,,
2018.08.30,"1,120.70","1,099.30","1,129.42","1,090.58","1,123.32/td>","1,110.00","1,108.80",1.0000
,,,,,,ÇÏ¶ô-1.50,,
2018.08.29,"1,122.20","1,100.80","1,130.95","1,092.05","1,124.83/td>","1,111.50","1,110.00",1.0000
,,,,,,»ó½Â3.50,,
2018.08.28,"1,118.70","1,097.30","1,127.39","1,088.61","1,121.29/td>","1,108.00","1,114.30",1.0000
,,,,,,ÇÏ¶ô-6.00,,
2018.08.27,"1,124.80","1,103.20","1,133.49","1,094.51","1,127.36/td>","1,114.00","1,121.80",1.0000
,,,,,,ÇÏ¶ô-4.50,,
2018.08.24,"1,129.30","1,107.70","1,138.07","1,098.93","1,131.92/td>","1,118.50","1,120.80",1.0000
,,,,,,ÇÏ¶ô-3.50,,
2018.08.23,"1,132.80","1,111.20","1,141.63","1,102.37","1,135.46/td>","1,122.00","1,118.70",1.0000
,,,,,,»ó½Â2.50,,
2018.08.22,"1,130.30","1,108.70","1,139.09","1,099.91","1,132.93/td>","1,119.50","1,118.20",1.0000
,,,,,,»ó½Â1.50,,
2018.08.21,"1,128.80","1,107.20","1,137.56","1,098.44","1,131.41/td>","1,118.00","1,121.70",1.0000
,,,,,,ÇÏ¶ô-5.10,,
2018.08.20,"1,133.90","1,112.30","1,142.75","1,103.45","1,136.57/td>","1,123.10","1,125.60",1.0000
,,,,,,ÇÏ¶ô-1.40,,
2018.08.17,"1,135.40","1,113.60","1,144.17","1,104.83","1,137.99/td>","1,124.50","1,130.70",1.0000
,,,,,,ÇÏ¶ô-6.00,,
2018.08.16,"1,141.40","1,119.60","1,150.28","1,110.72","1,144.06/td>","1,130.50","1,132.10",1.0000
,,,,,,»ó½Â1.00,,
2018.08.14,"1,140.40","1,118.60","1,149.26","1,109.74","1,143.05/td>","1,129.50","1,133.70",1.0000
,,,,,,ÇÏ¶ô-4.50,,
2018.08.13,"1,144.90","1,123.10","1,153.84","1,114.16","1,147.60/td>","1,134.00","1,126.30",1.0000
,,,,,,»ó½Â5.00,,
2018.08.10,"1,139.90","1,118.10","1,148.75","1,109.25","1,142.54/td>","1,129.00","1,117.90",1.0000
,,,,,,»ó½Â10.50,,
2018.08.09,"1,129.30","1,107.70","1,138.07","1,098.93","1,131.92/td>","1,118.50","1,118.80",1.0000
,,,,,,ÇÏ¶ô-1.50,,
2018.08.08,"1,130.80","1,109.20","1,139.60","1,100.40","1,133.44/td>","1,120.00","1,125.70",1.0000
,,,,,,ÇÏ¶ô-2.50,,
2018.08.07,"1,133.30","1,111.70","1,142.14","1,102.86","1,135.97/td>","1,122.50","1,123.50",1.0000
,,,,,,ÇÏ¶ô-2.50,,
2018.08.06,"1,135.90","1,114.10","1,144.68","1,105.32","1,138.50/td>","1,125.00","1,128.10",1.0000
,,,,,,ÇÏ¶ô-3.00,,
2018.08.03,"1,138.90","1,117.10","1,147.74","1,108.26","1,141.53/td>","1,128.00","1,122.60",1.0000
,,,,,,ÇÏ¶ô-1.00,,
2018.08.02,"1,139.90","1,118.10","1,148.75","1,109.25","1,142.54/td>","1,129.00","1,119.30",1.0000
,,,,,,»ó½Â9.50,,
2018.08.01,"1,130.30","1,108.70","1,139.09","1,099.91","1,132.93/td>","1,119.50","1,117.90",1.0000
2018.07.31,"1,130.30","1,108.70","1,139.09","1,099.91","1,132.93/td>","1,119.50","1,116.70",1.0000
,,,,,,ÇÏ¶ô-0.50,,
2018.07.30,"1,130.80","1,109.20","1,139.60","1,100.40","1,133.44/td>","1,120.00","1,120.00",1.0000
,,,,,,»ó½Â1.50,,
2018.07.27,"1,129.30","1,107.70","1,138.07","1,098.93","1,131.92/td>","1,118.50","1,119.60",1.0000
,,,,,,ÇÏ¶ô-1.50,,
2018.07.26,"1,130.80","1,109.20","1,139.60","1,100.40","1,133.44/td>","1,120.00","1,127.50",1.0000
,,,,,,ÇÏ¶ô-5.50,,
2018.07.25,"1,136.40","1,114.60","1,145.19","1,105.81","1,139.00/td>","1,125.50","1,135.20",1.0000
,,,,,,ÇÏ¶ô-9.00,,
2018.07.24,"1,145.50","1,123.50","1,154.35","1,114.65","1,148.11/td>","1,134.50","1,128.50",1.0000
,,,,,,»ó½Â0.50,,
2018.07.23,"1,144.90","1,123.10","1,153.84","1,114.16","1,147.60/td>","1,134.00","1,134.80",1.0000
,,,,,,ÇÏ¶ô-1.00,,
2018.07.20,"1,146.00","1,124.00","1,154.86","1,115.14","1,148.62/td>","1,135.00","1,131.20",1.0000
,,,,,,ÇÏ¶ô-3.00,,
2018.07.19,"1,149.00","1,127.00","1,157.91","1,118.09","1,151.65/td>","1,138.00","1,128.90",1.0000
,,,,,,»ó½Â5.50,,
2018.07.18,"1,143.40","1,121.60","1,152.31","1,112.69","1,146.09/td>","1,132.50","1,125.20",1.0000
,,,,,,»ó½Â7.00,,
2018.07.17,"1,136.40","1,114.60","1,145.19","1,105.81","1,139.00/td>","1,125.50","1,128.70",1.0000
,,,,,,ÇÏ¶ô-2.50,,
2018.07.16,"1,138.90","1,117.10","1,147.74","1,108.26","1,141.53/td>","1,128.00","1,123.40",1.0000
,,,,,,ÇÏ¶ô-4.00,,
2018.07.13,"1,142.90","1,121.10","1,151.81","1,112.19","1,145.58/td>","1,132.00","1,127.80",1.0000
,,,,,,»ó½Â5.00,,
2018.07.12,"1,137.90","1,116.10","1,146.72","1,107.28","1,140.52/td>","1,127.00","1,120.80",1.0000
,,,,,,»ó½Â3.00,,
2018.07.11,"1,134.90","1,113.10","1,143.67","1,104.33","1,137.48/td>","1,124.00","1,113.80",1.0000
,,,,,,»ó½Â7.50,,
2018.07.10,"1,127.30","1,105.70","1,136.03","1,096.97","1,129.89/td>","1,116.50","1,112.30",1.0000
,,,,,,»ó½Â4.00,,
2018.07.09,"1,123.20","1,101.80","1,131.96","1,093.04","1,125.85/td>","1,112.50","1,117.80",1.0000
,,,,,,ÇÏ¶ô-3.50,,
2018.07.06,"1,126.80","1,105.20","1,135.53","1,096.47","1,129.39/td>","1,116.00","1,118.40",1.0000
,,,,,,ÇÏ¶ô-3.50,,
2018.07.05,"1,130.30","1,108.70","1,139.09","1,099.91","1,132.93/td>","1,119.50","1,115.30",1.0000
,,,,,,»ó½Â3.00,,
2018.07.04,"1,127.30","1,105.70","1,136.03","1,096.97","1,129.89/td>","1,116.50","1,121.10",1.0000
,,,,,,»ó½Â1.50,,
2018.07.03,"1,125.80","1,104.20","1,134.51","1,095.49","1,128.38/td>","1,115.00","1,117.40",1.0000
,,,,,,ÇÏ¶ô-4.00,,
2018.07.02,"1,129.80","1,108.20","1,138.58","1,099.42","1,132.42/td>","1,119.00","1,117.20",1.0000
,,,,,,»ó½Â6.00,,
2018.06.29,"1,123.70","1,102.30","1,132.47","1,093.53","1,126.35/td>","1,113.00","1,121.70",1.0000
,,,,,,ÇÏ¶ô-12.00,,
2018.06.28,"1,135.90","1,114.10","1,144.68","1,105.32","1,138.50/td>","1,125.00","1,117.90",1.0000
,,,,,,»ó½Â5.50,,
2018.06.27,"1,130.30","1,108.70","1,139.09","1,099.91","1,132.93/td>","1,119.50","1,115.20",1.0000
,,,,,,»ó½Â3.50,,
2018.06.26,"1,126.80","1,105.20","1,135.53","1,096.47","1,129.39/td>","1,116.00","1,116.10",1.0000
,,,,,,ÇÏ¶ô-1.00,,
2018.06.25,"1,127.80","1,106.20","1,136.54","1,097.46","1,130.40/td>","1,117.00","1,108.90",1.0000
,,,,,,»ó½Â9.50,,
2018.06.22,"1,118.20","1,096.80","1,126.88","1,088.12","1,120.79/td>","1,107.50","1,109.00",1.0000
,,,,,,ÇÏ¶ô-5.00,,
2018.06.21,"1,123.20","1,101.80","1,131.96","1,093.04","1,125.85/td>","1,112.50","1,108.00",1.0000
,,,,,,»ó½Â6.00,,
2018.06.20,"1,117.20","1,095.80","1,125.86","1,087.14","1,119.77/td>","1,106.50","1,105.50",1.0000
,,,,,,ÇÏ¶ô-8.00,,
2018.06.19,"1,125.30","1,103.70","1,134.00","1,095.00","1,127.87/td>","1,114.50","1,104.40",1.0000
,,,,,,»ó½Â10.00,,
2018.06.18,"1,115.20","1,093.80","1,123.82","1,085.18","1,117.75/td>","1,104.50","1,091.40",1.0000
,,,,,,»ó½Â8.00,,
2018.06.15,"1,107.10","1,085.90","1,115.68","1,077.32","1,109.65/td>","1,096.50","1,082.50",1.0000
,,,,,,»ó½Â14.00,,
2018.06.14,"1,093.00","1,072.00","1,101.44","1,063.56","1,095.49/td>","1,082.50","1,075.10",1.0000
,,,,,,»ó½Â6.00,,
2018.06.12,"1,086.90","1,066.10","1,095.33","1,057.67","1,089.41/td>","1,076.50","1,073.50",1.0000
,,,,,,»ó½Â0.50,,
2018.06.11,"1,086.40","1,065.60","1,094.83","1,057.17","1,088.91/td>","1,076.00","1,073.20",1.0000
,,,,,,ÇÏ¶ô-1.00,,
2018.06.08,"1,087.40","1,066.60","1,095.84","1,058.16","1,089.92/td>","1,077.00","1,067.90",1.0000
,,,,,,»ó½Â8.00,,
2018.06.07,"1,079.30","1,058.70","1,087.70","1,050.30","1,081.82/td>","1,069.00","1,069.60",1.0000
,,,,,,ÇÏ¶ô-1.50,,
2018.06.05,"1,080.80","1,060.20","1,089.23","1,051.77","1,083.34/td>","1,070.50","1,070.90",1.0000
2018.06.04,"1,080.80","1,060.20","1,089.23","1,051.77","1,083.34/td>","1,070.50","1,076.00",1.0000
,,,,,,ÇÏ¶ô-4.00,,
2018.06.01,"1,084.90","1,064.10","1,093.30","1,055.70","1,087.39/td>","1,074.50","1,076.40",1.0000
,,,,,,ÇÏ¶ô-3.00,,
2018.05.31,"1,087.90","1,067.10","1,096.35","1,058.65","1,090.43/td>","1,077.50","1,081.30",1.0000
,,,,,,ÇÏ¶ô-2.50,,
2018.05.30,"1,090.40","1,069.60","1,098.90","1,061.10","1,092.96/td>","1,080.00","1,076.10",1.0000
,,,,,,»ó½Â0.50,,
2018.05.29,"1,089.90","1,069.10","1,098.39","1,060.61","1,092.45/td>","1,079.50","1,073.20",1.0000
,,,,,,»ó½Â5.50,,
2018.05.28,"1,084.40","1,063.60","1,092.79","1,055.21","1,086.88/td>","1,074.00","1,078.70",1.0000
,,,,,,ÇÏ¶ô-3.00,,
2018.05.25,"1,087.40","1,066.60","1,095.84","1,058.16","1,089.92/td>","1,077.00","1,079.70",1.0000
,,,,,,ÇÏ¶ô-1.50,,
2018.05.24,"1,088.90","1,068.10","1,097.37","1,059.63","1,091.44/td>","1,078.50","1,078.80",1.0000
,,,,,,ÇÏ¶ô-3.50,,
2018.05.23,"1,092.40","1,071.60","1,100.93","1,063.07","1,094.98/td>","1,082.00","1,083.80",1.0000
,,,,,,ÇÏ¶ô-2.50,,
2018.05.21,"1,095.00","1,074.00","1,103.47","1,065.53","1,097.51/td>","1,084.50","1,080.00",1.0000
,,,,,,»ó½Â4.50,,
2018.05.18,"1,090.40","1,069.60","1,098.90","1,061.10","1,092.96/td>","1,080.00","1,079.30",1.0000
,,,,,,ÇÏ¶ô-1.50,,
2018.05.17,"1,091.90","1,071.10","1,100.42","1,062.58","1,094.47/td>","1,081.50","1,078.70",1.0000
,,,,,,»ó½Â0.50,,
2018.05.16,"1,091.40","1,070.60","1,099.91","1,062.09","1,093.97/td>","1,081.00","1,072.60",1.0000
,,,,,,»ó½Â6.50,,
2018.05.15,"1,084.90","1,064.10","1,093.30","1,055.70","1,087.39/td>","1,074.50","1,066.60",1.0000
,,,,,,»ó½Â6.00,,
2018.05.14,"1,078.80","1,058.20","1,087.19","1,049.81","1,081.32/td>","1,068.50","1,068.60",1.0000
,,,,,,ÇÏ¶ô-0.50,,
2018.05.11,"1,079.30","1,058.70","1,087.70","1,050.30","1,081.82/td>","1,069.00","1,075.30",1.0000
,,,,,,ÇÏ¶ô-3.00,,
2018.05.10,"1,082.30","1,061.70","1,090.76","1,053.24","1,084.86/td>","1,072.00","1,081.30",1.0000
,,,,,,ÇÏ¶ô-9.00,,
2018.05.09,"1,091.40","1,070.60","1,099.91","1,062.09","1,093.97/td>","1,081.00","1,078.20",1.0000
,,,,,,»ó½Â1.50,,
2018.05.08,"1,089.90","1,069.10","1,098.39","1,060.61","1,092.45/td>","1,079.50","1,076.70",1.0000
,,,,,,»ó½Â2.50,,
2018.05.04,"1,087.40","1,066.60","1,095.84","1,058.16","1,089.92/td>","1,077.00","1,076.50",1.0000
,,,,,,»ó½Â1.50,,
2018.05.03,"1,085.90","1,065.10","1,094.32","1,056.68","1,088.40/td>","1,075.50","1,074.90",1.0000
,,,,,,ÇÏ¶ô-1.00,,
2018.05.02,"1,086.90","1,066.10","1,095.33","1,057.67","1,089.41/td>","1,076.50","1,067.50",1.0000
,,,,,,»ó½Â7.00,,
2018.04.30,"1,079.80","1,059.20","1,088.21","1,050.79","1,082.33/td>","1,069.50","1,076.20",1.0000
,,,,,,ÇÏ¶ô-6.50,,
2018.04.27,"1,086.40","1,065.60","1,094.83","1,057.17","1,088.91/td>","1,076.00","1,079.70",1.0000
,,,,,,ÇÏ¶ô-4.00,,
2018.04.26,"1,090.40","1,069.60","1,098.90","1,061.10","1,092.96/td>","1,080.00","1,078.70",1.0000
,,,,,,ÇÏ¶ô-1.00,,
2018.04.25,"1,091.40","1,070.60","1,099.91","1,062.09","1,093.97/td>","1,081.00","1,076.90",1.0000
,,,,,,»ó½Â4.00,,
2018.04.24,"1,087.40","1,066.60","1,095.84","1,058.16","1,089.92/td>","1,077.00","1,068.90",1.0000
,,,,,,»ó½Â2.00,,
2018.04.23,"1,085.40","1,064.60","1,093.81","1,056.19","1,087.90/td>","1,075.00","1,067.30",1.0000
,,,,,,»ó½Â5.00,,
2018.04.20,"1,080.30","1,059.70","1,088.72","1,051.28","1,082.84/td>","1,070.00","1,063.50",1.0000
,,,,,,»ó½Â8.00,,
2018.04.19,"1,072.30","1,051.70","1,080.58","1,043.42","1,074.74/td>","1,062.00","1,066.50",1.0000
,,,,,,ÇÏ¶ô-5.00,,
2018.04.18,"1,077.30","1,056.70","1,085.67","1,048.33","1,079.80/td>","1,067.00","1,068.40",1.0000
,,,,,,ÇÏ¶ô-1.00,,
2018.04.17,"1,078.30","1,057.70","1,086.69","1,049.31","1,080.81/td>","1,068.00","1,073.10",1.0000
,,,,,,ÇÏ¶ô-6.00,,
2018.04.16,"1,084.40","1,063.60","1,092.79","1,055.21","1,086.88/td>","1,074.00","1,070.00",1.0000
,,,,,,»ó½Â4.00,,
2018.04.13,"1,080.30","1,059.70","1,088.72","1,051.28","1,082.84/td>","1,070.00","1,068.70",1.0000
,,,,,,ÇÏ¶ô-1.50,,
2018.04.12,"1,081.80","1,061.20","1,090.25","1,052.75","1,084.35/td>","1,071.50","1,066.40",1.0000
,,,,,,»ó½Â3.50,,
2018.04.11,"1,078.30","1,057.70","1,086.69","1,049.31","1,080.81/td>","1,068.00","1,067.70",1.0000
,,,,,,»ó½Â0.50,,
2018.04.10,"1,077.80","1,057.20","1,086.18","1,048.82","1,080.31/td>","1,067.50","1,067.50",1.0000
,,,,,,ÇÏ¶ô-2.50,,
2018.04.09,"1,080.30","1,059.70","1,088.72","1,051.28","1,082.84/td>","1,070.00","1,066.00",1.0000
,,,,,,»ó½Â0.50,,
2018.04.06,"1,079.80","1,059.20","1,088.21","1,050.79","1,082.33/td>","1,069.50","1,059.50",1.0000
,,,,,,»ó½Â8.50,,
2018.04.05,"1,071.20","1,050.80","1,079.56","1,042.44","1,073.73/td>","1,061.00","1,057.60",1.0000
,,,,,,ÇÏ¶ô-1.50,,
2018.04.04,"1,072.80","1,052.20","1,081.09","1,043.91","1,075.25/td>","1,062.50","1,057.80",1.0000
,,,,,,»ó½Â6.00,,
2018.04.03,"1,066.70","1,046.30","1,074.98","1,038.02","1,069.17/td>","1,056.50","1,058.10",1.0000
,,,,,,»ó½Â2.00,,
2018.04.02,"1,064.70","1,044.30","1,072.95","1,036.05","1,067.15/td>","1,054.50","1,064.40",1.0000
,,,,,,ÇÏ¶ô-8.00,,
2018.03.30,"1,072.80","1,052.20","1,081.09","1,043.91","1,075.25/td>","1,062.50","1,066.50",1.0000
,,,,,,ÇÏ¶ô-3.50,,
2018.03.29,"1,076.30","1,055.70","1,084.65","1,047.35","1,078.79/td>","1,066.00","1,069.40",1.0000
,,,,,,ÇÏ¶ô-5.00,,
2018.03.28,"1,081.30","1,060.70","1,089.74","1,052.26","1,083.85/td>","1,071.00","1,072.20",1.0000
,,,,,,ÇÏ¶ô-1.50,,
2018.03.27,"1,082.90","1,062.10","1,091.26","1,053.74","1,085.37/td>","1,072.50","1,081.20",1.0000
,,,,,,ÇÏ¶ô-6.00,,
2018.03.26,"1,088.90","1,068.10","1,097.37","1,059.63","1,091.44/td>","1,078.50","1,080.80",1.0000
,,,,,,ÇÏ¶ô-1.50,,
2018.03.23,"1,090.40","1,069.60","1,098.90","1,061.10","1,092.96/td>","1,080.00","1,069.20",1.0000
,,,,,,»ó½Â6.50,,
2018.03.22,"1,083.90","1,063.10","1,092.28","1,054.72","1,086.38/td>","1,073.50","1,071.40",1.0000
,,,,,,»ó½Â1.50,,
2018.03.21,"1,082.30","1,061.70","1,090.76","1,053.24","1,084.86/td>","1,072.00","1,071.00",1.0000
,,,,,,»ó½Â1.50,,
2018.03.20,"1,080.80","1,060.20","1,089.23","1,051.77","1,083.34/td>","1,070.50","1,071.20",1.0000
,,,,,,ÇÏ¶ô-2.00,,
2018.03.19,"1,082.90","1,062.10","1,091.26","1,053.74","1,085.37/td>","1,072.50","1,069.60",1.0000
,,,,,,»ó½Â5.50,,
2018.03.16,"1,077.30","1,056.70","1,085.67","1,048.33","1,079.80/td>","1,067.00","1,065.80",1.0000
,,,,,,»ó½Â2.00,,
2018.03.15,"1,075.30","1,054.70","1,083.63","1,046.37","1,077.78/td>","1,065.00","1,065.80",1.0000
,,,,,,»ó½Â0.50,,
2018.03.14,"1,074.80","1,054.20","1,083.12","1,045.88","1,077.27/td>","1,064.50","1,065.80",1.0000
,,,,,,ÇÏ¶ô-2.00,,
2018.03.13,"1,076.80","1,056.20","1,085.16","1,047.84","1,079.29/td>","1,066.50","1,064.30",1.0000
,,,,,,»ó½Â0.50,,
2018.03.12,"1,076.30","1,055.70","1,084.65","1,047.35","1,078.79/td>","1,066.00","1,069.20",1.0000
,,,,,,ÇÏ¶ô-5.00,,
2018.03.09,"1,081.30","1,060.70","1,089.74","1,052.26","1,083.85/td>","1,071.00","1,068.40",1.0000
,,,,,,ÇÏ¶ô-1.00,,
2018.03.08,"1,082.30","1,061.70","1,090.76","1,053.24","1,084.86/td>","1,072.00","1,068.70",1.0000
,,,,,,»ó½Â3.50,,
2018.03.07,"1,078.80","1,058.20","1,087.19","1,049.81","1,081.32/td>","1,068.50","1,075.40",1.0000
,,,,,,ÇÏ¶ô-9.50,,
2018.03.06,"1,088.40","1,067.60","1,096.86","1,059.14","1,090.93/td>","1,078.00","1,080.50",1.0000
,,,,,,ÇÏ¶ô-4.00,,
2018.03.05,"1,092.40","1,071.60","1,100.93","1,063.07","1,094.98/td>","1,082.00","1,081.30",1.0000
,,,,,,»ó½Â2.50,,
2018.03.02,"1,089.90","1,069.10","1,098.39","1,060.61","1,092.45/td>","1,079.50","1,081.90",1.0000
,,,,,,ÇÏ¶ô-2.50,,
2018.02.28,"1,092.40","1,071.60","1,100.93","1,063.07","1,094.98/td>","1,082.00","1,071.00",1.0000
,,,,,,»ó½Â10.00,,
2018.02.27,"1,082.30","1,061.70","1,090.76","1,053.24","1,084.86/td>","1,072.00","1,073.70",1.0000
,,,,,,ÇÏ¶ô-1.00,,
2018.02.26,"1,083.40","1,062.60","1,091.77","1,054.23","1,085.87/td>","1,073.00","1,078.50",1.0000
,,,,,,ÇÏ¶ô-6.00,,
2018.02.23,"1,089.40","1,068.60","1,097.88","1,060.12","1,091.94/td>","1,079.00","1,082.90",1.0000
,,,,,,ÇÏ¶ô-6.00,,
2018.02.22,"1,095.50","1,074.50","1,103.98","1,066.02","1,098.02/td>","1,085.00","1,075.30",1.0000
,,,,,,»ó½Â9.50,,
2018.02.21,"1,085.90","1,065.10","1,094.32","1,056.68","1,088.40/td>","1,075.50","1,070.30",1.0000
,,,,,,»ó½Â1.50,,
2018.02.20,"1,084.40","1,063.60","1,092.79","1,055.21","1,086.88/td>","1,074.00","1,068.00",1.0000
,,,,,,»ó½Â5.50,,
2018.02.19,"1,078.80","1,058.20","1,087.19","1,049.81","1,081.32/td>","1,068.50","1,079.90",1.0000
,,,,,,ÇÏ¶ô-10.50,,
2018.02.14,"1,089.40","1,068.60","1,097.88","1,060.12","1,091.94/td>","1,079.00","1,082.80",1.0000
,,,,,,ÇÏ¶ô-6.50,,
2018.02.13,"1,096.00","1,075.00","1,104.49","1,066.51","1,098.52/td>","1,085.50","1,083.40",1.0000
,,,,,,»ó½Â0.50,,
2018.02.12,"1,095.50","1,074.50","1,103.98","1,066.02","1,098.02/td>","1,085.00","1,092.70",1.0000
,,,,,,ÇÏ¶ô-4.00,,
2018.02.09,"1,099.50","1,078.50","1,108.05","1,069.95","1,102.06/td>","1,089.00","1,087.80",1.0000
,,,,,,ÇÏ¶ô-2.00,,
2018.02.08,"1,101.50","1,080.50","1,110.09","1,071.91","1,104.09/td>","1,091.00","1,083.30",1.0000
,,,,,,»ó½Â6.00,,
2018.02.07,"1,095.50","1,074.50","1,103.98","1,066.02","1,098.02/td>","1,085.00","1,094.30",1.0000
,,,,,,ÇÏ¶ô-3.00,,
2018.02.06,"1,098.50","1,077.50","1,107.04","1,068.96","1,101.05/td>","1,088.00","1,089.80",1.0000
,,,,,,ÇÏ¶ô-1.00,,
2018.02.05,"1,099.50","1,078.50","1,108.05","1,069.95","1,102.06/td>","1,089.00","1,076.70",1.0000
,,,,,,»ó½Â4.00,,
2018.02.02,"1,095.50","1,074.50","1,103.98","1,066.02","1,098.02/td>","1,085.00","1,071.10",1.0000
,,,,,,»ó½Â13.50,,
2018.02.01,"1,081.80","1,061.20","1,090.25","1,052.75","1,084.35/td>","1,071.50","1,071.00",1.0000
,,,,,,»ó½Â4.50,,
2018.01.31,"1,077.30","1,056.70","1,085.67","1,048.33","1,079.80/td>","1,067.00","1,071.50",1.0000
,,,,,,ÇÏ¶ô-5.00,,
2018.01.30,"1,082.30","1,061.70","1,090.76","1,053.24","1,084.86/td>","1,072.00","1,064.80",1.0000
,,,,,,»ó½Â2.50,,
2018.01.29,"1,079.80","1,059.20","1,088.21","1,050.79","1,082.33/td>","1,069.50","1,064.80",1.0000
,,,,,,»ó½Â4.50,,
2018.01.26,"1,075.30","1,054.70","1,083.63","1,046.37","1,077.78/td>","1,065.00","1,061.70",1.0000
,,,,,,»ó½Â2.00,,
2018.01.25,"1,073.30","1,052.70","1,081.60","1,044.40","1,075.75/td>","1,063.00","1,070.60",1.0000
,,,,,,ÇÏ¶ô-5.00,,
2018.01.24,"1,078.30","1,057.70","1,086.69","1,049.31","1,080.81/td>","1,068.00","1,069.70",1.0000
,,,,,,ÇÏ¶ô-6.50,,
2018.01.23,"1,084.90","1,064.10","1,093.30","1,055.70","1,087.39/td>","1,074.50","1,068.90",1.0000
,,,,,,»ó½Â3.50,,
2018.01.22,"1,081.30","1,060.70","1,089.74","1,052.26","1,083.85/td>","1,071.00","1,067.30",1.0000
,,,,,,»ó½Â4.50,,
2018.01.19,"1,076.80","1,056.20","1,085.16","1,047.84","1,079.29/td>","1,066.50","1,069.40",1.0000
,,,,,,ÇÏ¶ô-4.50,,
2018.01.18,"1,081.30","1,060.70","1,089.74","1,052.26","1,083.85/td>","1,071.00","1,065.80",1.0000
,,,,,,»ó½Â1.00,,
2018.01.17,"1,080.30","1,059.70","1,088.72","1,051.28","1,082.84/td>","1,070.00","1,064.00",1.0000
,,,,,,»ó½Â5.00,,
2018.01.16,"1,075.30","1,054.70","1,083.63","1,046.37","1,077.78/td>","1,065.00","1,061.30",1.0000
,,,,,,»ó½Â1.00,,
2018.01.15,"1,074.30","1,053.70","1,082.62","1,045.38","1,076.76/td>","1,064.00","1,064.70",1.0000
,,,,,,ÇÏ¶ô-1.00,,
2018.01.12,"1,075.30","1,054.70","1,083.63","1,046.37","1,077.78/td>","1,065.00","1,071.20",1.0000
,,,,,,ÇÏ¶ô-6.50,,
2018.01.11,"1,081.80","1,061.20","1,090.25","1,052.75","1,084.35/td>","1,071.50","1,070.70",1.0000
,,,,,,»ó½Â1.50,,
2018.01.10,"1,080.30","1,059.70","1,088.72","1,051.28","1,082.84/td>","1,070.00","1,067.10",1.0000
2018.01.09,"1,080.30","1,059.70","1,088.72","1,051.28","1,082.84/td>","1,070.00","1,065.20",1.0000
,,,,,,»ó½Â1.50,,
2018.01.08,"1,078.80","1,058.20","1,087.19","1,049.81","1,081.32/td>","1,068.50","1,062.10",1.0000
,,,,,,»ó½Â5.00,,
2018.01.05,"1,073.80","1,053.20","1,082.11","1,044.89","1,076.26/td>","1,063.50","1,065.50",1.0000
,,,,,,ÇÏ¶ô-1.00,,
2018.01.04,"1,074.80","1,054.20","1,083.12","1,045.88","1,077.27/td>","1,064.50","1,065.40",1.0000
,,,,,,ÇÏ¶ô-1.00,,
2018.01.03,"1,075.80","1,055.20","1,084.14","1,046.86","1,078.28/td>","1,065.50","1,064.30",1.0000
,,,,,,»ó½Â3.50,,
2018.01.02,"1,072.30","1,051.70","1,080.58","1,043.42","1,074.74/td>","1,062.00","1,071.40",1.0000
,,,,,,ÇÏ¶ô-5.50,,
2017.12.29,"1,077.80","1,057.20","1,086.18","1,048.82","1,080.31/td>","1,067.50","1,071.40",1.0000
,,,,,,ÇÏ¶ô-2.50,,
2017.12.28,"1,080.30","1,059.70","1,088.72","1,051.28","1,082.84/td>","1,070.00","1,075.20",1.0000
,,,,,,ÇÏ¶ô-5.00,,
2017.12.27,"1,085.40","1,064.60","1,093.81","1,056.19","1,087.90/td>","1,075.00","1,077.10",1.0000
,,,,,,ÇÏ¶ô-1.00,,
2017.12.26,"1,086.40","1,065.60","1,094.83","1,057.17","1,088.91/td>","1,076.00","1,079.20",1.0000
,,,,,,ÇÏ¶ô-4.00,,
2017.12.22,"1,090.40","1,069.60","1,098.90","1,061.10","1,092.96/td>","1,080.00","1,080.60",1.0000
,,,,,,ÇÏ¶ô-2.50,,
2017.12.21,"1,093.00","1,072.00","1,101.44","1,063.56","1,095.49/td>","1,082.50","1,082.90",1.0000
,,,,,,ÇÏ¶ô-0.50,,
2017.12.20,"1,093.50","1,072.50","1,101.95","1,064.05","1,095.99/td>","1,083.00","1,086.80",1.0000
,,,,,,ÇÏ¶ô-1.00,,
2017.12.19,"1,094.50","1,073.50","1,102.97","1,065.03","1,097.00/td>","1,084.00","1,089.10",1.0000
,,,,,,ÇÏ¶ô-4.00,,
2017.12.18,"1,098.50","1,077.50","1,107.04","1,068.96","1,101.05/td>","1,088.00","1,089.30",1.0000
,,,,,,ÇÏ¶ô-2.00,,
2017.12.15,"1,100.50","1,079.50","1,109.07","1,070.93","1,103.08/td>","1,090.00","1,086.70",1.0000
,,,,,,»ó½Â0.50,,
2017.12.14,"1,100.00","1,079.00","1,108.56","1,070.44","1,102.57/td>","1,089.50","1,091.90",1.0000
,,,,,,ÇÏ¶ô-3.00,,
2017.12.13,"1,103.00","1,082.00","1,111.61","1,073.39","1,105.61/td>","1,092.50","1,090.10",1.0000
,,,,,,»ó½Â0.50,,
2017.12.12,"1,102.50","1,081.50","1,111.11","1,072.89","1,105.10/td>","1,092.00","1,092.40",1.0000
2017.12.11,"1,102.50","1,081.50","1,111.11","1,072.89","1,105.10/td>","1,092.00","1,093.40",1.0000
,,,,,,ÇÏ¶ô-2.00,,
2017.12.08,"1,104.60","1,083.40","1,113.14","1,074.86","1,107.12/td>","1,094.00","1,092.70",1.0000
2017.12.07,"1,104.60","1,083.40","1,113.14","1,074.86","1,107.12/td>","1,094.00","1,091.90",1.0000
,,,,,,ÇÏ¶ô-0.50,,
2017.12.06,"1,105.10","1,083.90","1,113.65","1,075.35","1,107.63/td>","1,094.50","1,084.30",1.0000
,,,,,,»ó½Â6.50,,
2017.12.05,"1,098.50","1,077.50","1,107.04","1,068.96","1,101.05/td>","1,088.00","1,088.30",1.0000
,,,,,,ÇÏ¶ô-0.50,,
2017.12.04,"1,099.00","1,078.00","1,107.54","1,069.46","1,101.56/td>","1,088.50","1,087.10",1.0000
,,,,,,»ó½Â3.50,,
2017.12.01,"1,095.50","1,074.50","1,103.98","1,066.02","1,098.02/td>","1,085.00","1,085.10",1.0000
,,,,,,ÇÏ¶ô-3.50,,
2017.11.30,"1,099.00","1,078.00","1,107.54","1,069.46","1,101.56/td>","1,088.50","1,082.40",1.0000
,,,,,,»ó½Â12.00,,
2017.11.29,"1,086.90","1,066.10","1,095.33","1,057.67","1,089.41/td>","1,076.50","1,088.30",1.0000
,,,,,,ÇÏ¶ô-5.50,,
2017.11.28,"1,092.40","1,071.60","1,100.93","1,063.07","1,094.98/td>","1,082.00","1,087.60",1.0000
,,,,,,ÇÏ¶ô-6.50,,
2017.11.27,"1,099.00","1,078.00","1,107.54","1,069.46","1,101.56/td>","1,088.50","1,085.00",1.0000
,,,,,,»ó½Â1.50,,
2017.11.24,"1,097.50","1,076.50","1,106.02","1,067.98","1,100.04/td>","1,087.00","1,088.20",1.0000
,,,,,,»ó½Â0.50,,
2017.11.23,"1,097.00","1,076.00","1,105.51","1,067.49","1,099.53/td>","1,086.50","1,091.30",1.0000
,,,,,,ÇÏ¶ô-3.00,,
2017.11.22,"1,100.00","1,079.00","1,108.56","1,070.44","1,102.57/td>","1,089.50","1,097.30",1.0000
,,,,,,ÇÏ¶ô-3.50,,
2017.11.21,"1,103.60","1,082.40","1,112.12","1,073.88","1,106.11/td>","1,093.00","1,098.90",1.0000
,,,,,,ÇÏ¶ô-6.50,,
2017.11.20,"1,110.10","1,088.90","1,118.74","1,080.26","1,112.69/td>","1,099.50","1,096.10",1.0000
2017.11.17,"1,110.10","1,088.90","1,118.74","1,080.26","1,112.69/td>","1,099.50","1,104.10",1.0000
,,,,,,»ó½Â0.50,,
2017.11.16,"1,109.60","1,088.40","1,118.23","1,079.77","1,112.18/td>","1,099.00","1,114.40",1.0000
,,,,,,ÇÏ¶ô-12.50,,
2017.11.15,"1,122.20","1,100.80","1,130.95","1,092.05","1,124.83/td>","1,111.50","1,118.50",1.0000
,,,,,,ÇÏ¶ô-6.50,,
2017.11.14,"1,128.80","1,107.20","1,137.56","1,098.44","1,131.41/td>","1,118.00","1,120.70",1.0000
,,,,,,ÇÏ¶ô-3.00,,
2017.11.13,"1,131.80","1,110.20","1,140.61","1,101.39","1,134.45/td>","1,121.00","1,117.20",1.0000
,,,,,,»ó½Â2.00,,
2017.11.10,"1,129.80","1,108.20","1,138.58","1,099.42","1,132.42/td>","1,119.00","1,114.30",1.0000
,,,,,,»ó½Â2.00,,
2017.11.09,"1,127.80","1,106.20","1,136.54","1,097.46","1,130.40/td>","1,117.00","1,114.30",1.0000
,,,,,,»ó½Â1.70,,
2017.11.08,"1,126.10","1,104.50","1,134.81","1,095.79","1,128.68/td>","1,115.30","1,111.60",1.0000
,,,,,,»ó½Â1.80,,
2017.11.07,"1,124.30","1,102.70","1,132.98","1,094.02","1,126.86/td>","1,113.50","1,116.70",1.0000
,,,,,,ÇÏ¶ô-0.50,,
2017.11.06,"1,124.80","1,103.20","1,133.49","1,094.51","1,127.36/td>","1,114.00","1,112.70",1.0000
,,,,,,ÇÏ¶ô-1.50,,
2017.11.03,"1,126.30","1,104.70","1,135.02","1,095.98","1,128.88/td>","1,115.50","1,113.30",1.0000
,,,,,,»ó½Â1.00,,
2017.11.02,"1,125.30","1,103.70","1,134.00","1,095.00","1,127.87/td>","1,114.50","1,116.80",1.0000
,,,,,,ÇÏ¶ô-0.50,,
2017.11.01,"1,125.80","1,104.20","1,134.51","1,095.49","1,128.38/td>","1,115.00","1,121.20",1.0000
,,,,,,ÇÏ¶ô-4.00,,
2017.10.31,"1,129.80","1,108.20","1,138.58","1,099.42","1,132.42/td>","1,119.00","1,125.00",1.0000
,,,,,,ÇÏ¶ô-6.00,,
2017.10.30,"1,135.90","1,114.10","1,144.68","1,105.32","1,138.50/td>","1,125.00","1,130.00",1.0000
,,,,,,ÇÏ¶ô-5.00,,
2017.10.27,"1,140.90","1,119.10","1,149.77","1,110.23","1,143.56/td>","1,130.00","1,124.70",1.0000
,,,,,,»ó½Â3.50,,
2017.10.26,"1,137.40","1,115.60","1,146.21","1,106.79","1,140.01/td>","1,126.50","1,128.30",1.0000
,,,,,,ÇÏ¶ô-2.00,,
2017.10.25,"1,139.40","1,117.60","1,148.24","1,108.76","1,142.04/td>","1,128.50","1,128.30",1.0000
,,,,,,ÇÏ¶ô-0.50,,
2017.10.24,"1,139.90","1,118.10","1,148.75","1,109.25","1,142.54/td>","1,129.00","1,131.90",1.0000
,,,,,,ÇÏ¶ô-2.00,,
2017.10.23,"1,141.90","1,120.10","1,150.79","1,111.21","1,144.57/td>","1,131.00","1,131.90",1.0000
,,,,,,ÇÏ¶ô-2.00,,
2017.10.20,"1,143.90","1,122.10","1,152.82","1,113.18","1,146.59/td>","1,133.00","1,132.30",1.0000
,,,,,,»ó½Â0.50,,
2017.10.19,"1,143.40","1,121.60","1,152.31","1,112.69","1,146.09/td>","1,132.50","1,130.40",1.0000
,,,,,,»ó½Â0.50,,
2017.10.18,"1,142.90","1,121.10","1,151.81","1,112.19","1,145.58/td>","1,132.00","1,131.40",1.0000
2017.10.17,"1,142.90","1,121.10","1,151.81","1,112.19","1,145.58/td>","1,132.00","1,127.30",1.0000
,,,,,,»ó½Â4.00,,
2017.10.16,"1,138.90","1,117.10","1,147.74","1,108.26","1,141.53/td>","1,128.00","1,130.80",1.0000
,,,,,,ÇÏ¶ô-1.00,,
2017.10.13,"1,139.90","1,118.10","1,148.75","1,109.25","1,142.54/td>","1,129.00","1,133.70",1.0000
,,,,,,ÇÏ¶ô-4.50,,
2017.10.12,"1,144.40","1,122.60","1,153.33","1,113.67","1,147.10/td>","1,133.50","1,135.20",1.0000
,,,,,,ÇÏ¶ô-2.00,,
2017.10.11,"1,146.50","1,124.50","1,155.37","1,115.63","1,149.12/td>","1,135.50","1,138.20",1.0000
,,,,,,ÇÏ¶ô-0.50,,
2017.10.10,"1,147.00","1,125.00","1,155.88","1,116.12","1,149.63/td>","1,136.00","1,145.70",1.0000
,,,,,,ÇÏ¶ô-10.50,,
2017.09.29,"1,157.60","1,135.40","1,166.56","1,126.44","1,160.25/td>","1,146.50","1,146.70",1.0000
,,,,,,ÇÏ¶ô-1.50,,
2017.09.28,"1,159.10","1,136.90","1,168.09","1,127.91","1,161.77/td>","1,148.00","1,139.40",1.0000
,,,,,,»ó½Â4.50,,
2017.09.27,"1,154.50","1,132.50","1,163.51","1,123.49","1,157.22/td>","1,143.50","1,136.30",1.0000
,,,,,,»ó½Â6.20,,
2017.09.26,"1,148.30","1,126.30","1,157.20","1,117.40","1,150.94/td>","1,137.30","1,130.70",1.0000
,,,,,,»ó½Â5.30,,
2017.09.25,"1,142.90","1,121.10","1,151.81","1,112.19","1,145.58/td>","1,132.00","1,136.30",1.0000
,,,,,,ÇÏ¶ô-3.00,,
2017.09.22,"1,146.00","1,124.00","1,154.86","1,115.14","1,148.62/td>","1,135.00","1,132.80",1.0000
,,,,,,»ó½Â1.00,,
2017.09.21,"1,144.90","1,123.10","1,153.84","1,114.16","1,147.60/td>","1,134.00","1,129.10",1.0000
,,,,,,»ó½Â5.50,,
2017.09.20,"1,139.40","1,117.60","1,148.24","1,108.76","1,142.04/td>","1,128.50","1,130.00",1.0000
,,,,,,ÇÏ¶ô-3.00,,
2017.09.19,"1,142.40","1,120.60","1,151.30","1,111.70","1,145.07/td>","1,131.50","1,127.90",1.0000
,,,,,,»ó½Â3.50,,
2017.09.18,"1,138.90","1,117.10","1,147.74","1,108.26","1,141.53/td>","1,128.00","1,133.50",1.0000
,,,,,,ÇÏ¶ô-3.00,,
2017.09.15,"1,141.90","1,120.10","1,150.79","1,111.21","1,144.57/td>","1,131.00","1,132.50",1.0000
,,,,,,ÇÏ¶ô-2.00,,
2017.09.14,"1,143.90","1,122.10","1,152.82","1,113.18","1,146.59/td>","1,133.00","1,127.50",1.0000
,,,,,,»ó½Â4.00,,
2017.09.13,"1,139.90","1,118.10","1,148.75","1,109.25","1,142.54/td>","1,129.00","1,129.80",1.0000
2017.09.12,"1,139.90","1,118.10","1,148.75","1,109.25","1,142.54/td>","1,129.00","1,129.50",1.0000
,,,,,,ÇÏ¶ô-3.00,,
2017.09.11,"1,142.90","1,121.10","1,151.81","1,112.19","1,145.58/td>","1,132.00","1,126.80",1.0000
,,,,,,»ó½Â2.00,,
2017.09.08,"1,140.90","1,119.10","1,149.77","1,110.23","1,143.56/td>","1,130.00","1,129.60",1.0000
2017.09.07,"1,140.90","1,119.10","1,149.77","1,110.23","1,143.56/td>","1,130.00","1,133.70",1.0000
,,,,,,ÇÏ¶ô-5.00,,
2017.09.06,"1,146.00","1,124.00","1,154.86","1,115.14","1,148.62/td>","1,135.00","1,131.30",1.0000
,,,,,,»ó½Â4.00,,
2017.09.05,"1,141.90","1,120.10","1,150.79","1,111.21","1,144.57/td>","1,131.00","1,131.50",1.0000
2017.09.04,"1,141.90","1,120.10","1,150.79","1,111.21","1,144.57/td>","1,131.00","1,122.70",1.0000
,,,,,,»ó½Â9.00,,
2017.09.01,"1,132.80","1,111.20","1,141.63","1,102.37","1,135.46/td>","1,122.00","1,125.80",1.0000
,,,,,,ÇÏ¶ô-5.00,,
2017.08.31,"1,137.90","1,116.10","1,146.72","1,107.28","1,140.52/td>","1,127.00","1,122.80",1.0000
,,,,,,»ó½Â3.50,,
2017.08.30,"1,134.30","1,112.70","1,143.16","1,103.84","1,136.98/td>","1,123.50","1,126.20",1.0000
,,,,,,ÇÏ¶ô-2.50,,
2017.08.29,"1,136.90","1,115.10","1,145.70","1,106.30","1,139.51/td>","1,126.00","1,120.40",1.0000
,,,,,,»ó½Â4.50,,
2017.08.28,"1,132.30","1,110.70","1,141.12","1,101.88","1,134.95/td>","1,121.50","1,129.20",1.0000
,,,,,,ÇÏ¶ô-5.50,,
2017.08.25,"1,137.90","1,116.10","1,146.72","1,107.28","1,140.52/td>","1,127.00","1,127.30",1.0000
,,,,,,ÇÏ¶ô-1.50,,
2017.08.24,"1,139.40","1,117.60","1,148.24","1,108.76","1,142.04/td>","1,128.50","1,130.90",1.0000
,,,,,,ÇÏ¶ô-3.50,,
2017.08.23,"1,142.90","1,121.10","1,151.81","1,112.19","1,145.58/td>","1,132.00","1,135.60",1.0000
,,,,,,ÇÏ¶ô-3.00,,
2017.08.22,"1,146.00","1,124.00","1,154.86","1,115.14","1,148.62/td>","1,135.00","1,138.30",1.0000
,,,,,,ÇÏ¶ô-4.50,,
2017.08.21,"1,150.50","1,128.50","1,159.44","1,119.56","1,153.17/td>","1,139.50","1,142.00",1.0000
,,,,,,ÇÏ¶ô-1.50,,
2017.08.18,"1,152.00","1,130.00","1,160.96","1,121.04","1,154.69/td>","1,141.00","1,135.90",1.0000
,,,,,,»ó½Â3.00,,
2017.08.17,"1,149.00","1,127.00","1,157.91","1,118.09","1,151.65/td>","1,138.00","1,139.60",1.0000
,,,,,,ÇÏ¶ô-4.00,,
2017.08.16,"1,153.00","1,131.00","1,161.98","1,122.02","1,155.70/td>","1,142.00","1,138.20",1.0000
,,,,,,»ó½Â1.00,,
2017.08.14,"1,152.00","1,130.00","1,160.96","1,121.04","1,154.69/td>","1,141.00","1,146.30",1.0000
,,,,,,ÇÏ¶ô-3.00,,
2017.08.11,"1,155.00","1,133.00","1,164.02","1,123.98","1,157.72/td>","1,144.00","1,141.10",1.0000
,,,,,,»ó½Â2.00,,
2017.08.10,"1,153.00","1,131.00","1,161.98","1,122.02","1,155.70/td>","1,142.00","1,134.70",1.0000
,,,,,,»ó½Â3.00,,
2017.08.09,"1,150.00","1,128.00","1,158.93","1,119.07","1,152.66/td>","1,139.00","1,125.40",1.0000
,,,,,,»ó½Â12.00,,
2017.08.08,"1,137.90","1,116.10","1,146.72","1,107.28","1,140.52/td>","1,127.00","1,127.30",1.0000
,,,,,,ÇÏ¶ô-1.00,,
2017.08.07,"1,138.90","1,117.10","1,147.74","1,108.26","1,141.53/td>","1,128.00","1,125.40",1.0000
,,,,,,»ó½Â2.50,,
2017.08.04,"1,136.40","1,114.60","1,145.19","1,105.81","1,139.00/td>","1,125.50","1,127.60",1.0000
,,,,,,ÇÏ¶ô-2.00,,
2017.08.03,"1,138.40","1,116.60","1,147.23","1,107.77","1,141.03/td>","1,127.50","1,123.20",1.0000
,,,,,,»ó½Â4.00,,
2017.08.02,"1,134.30","1,112.70","1,143.16","1,103.84","1,136.98/td>","1,123.50","1,118.00",1.0000
,,,,,,»ó½Â1.50,,
2017.08.01,"1,132.80","1,111.20","1,141.63","1,102.37","1,135.46/td>","1,122.00","1,121.90",1.0000
,,,,,,»ó½Â2.00,,
2017.07.31,"1,130.80","1,109.20","1,139.60","1,100.40","1,133.44/td>","1,120.00","1,119.10",1.0000
,,,,,,ÇÏ¶ô-1.50,,
2017.07.28,"1,132.30","1,110.70","1,141.12","1,101.88","1,134.95/td>","1,121.50","1,112.50",1.0000
,,,,,,»ó½Â6.50,,
2017.07.27,"1,125.80","1,104.20","1,134.51","1,095.49","1,128.38/td>","1,115.00","1,120.30",1.0000
,,,,,,ÇÏ¶ô-5.50,,
2017.07.26,"1,131.30","1,109.70","1,140.10","1,100.90","1,133.94/td>","1,120.50","1,116.10",1.0000
,,,,,,»ó½Â4.00,,
2017.07.25,"1,127.30","1,105.70","1,136.03","1,096.97","1,129.89/td>","1,116.50","1,116.10",1.0000
,,,,,,»ó½Â2.30,,
2017.07.24,"1,125.00","1,103.40","1,133.69","1,094.71","1,127.57/td>","1,114.20","1,121.20",1.0000
,,,,,,ÇÏ¶ô-4.80,,
2017.07.21,"1,129.80","1,108.20","1,138.58","1,099.42","1,132.42/td>","1,119.00","1,124.90",1.0000
,,,,,,ÇÏ¶ô-7.50,,
2017.07.20,"1,137.40","1,115.60","1,146.21","1,106.79","1,140.01/td>","1,126.50","1,121.80",1.0000
,,,,,,»ó½Â3.00,,
2017.07.19,"1,134.30","1,112.70","1,143.16","1,103.84","1,136.98/td>","1,123.50","1,126.30",1.0000
2017.07.18,"1,134.30","1,112.70","1,143.16","1,103.84","1,136.98/td>","1,123.50","1,128.20",1.0000
,,,,,,ÇÏ¶ô-5.00,,
2017.07.17,"1,139.40","1,117.60","1,148.24","1,108.76","1,142.04/td>","1,128.50","1,136.00",1.0000
,,,,,,ÇÏ¶ô-7.00,,
2017.07.14,"1,146.50","1,124.50","1,155.37","1,115.63","1,149.12/td>","1,135.50","1,137.50",1.0000
,,,,,,ÇÏ¶ô-1.50,,
2017.07.13,"1,148.00","1,126.00","1,156.89","1,117.11","1,150.64/td>","1,137.00","1,145.60",1.0000
,,,,,,ÇÏ¶ô-9.00,,
2017.07.12,"1,157.10","1,134.90","1,166.05","1,125.95","1,159.75/td>","1,146.00","1,150.10",1.0000
,,,,,,ÇÏ¶ô-5.50,,
2017.07.11,"1,162.60","1,140.40","1,171.65","1,131.35","1,165.31/td>","1,151.50","1,149.90",1.0000
,,,,,,ÇÏ¶ô-0.30,,
2017.07.10,"1,162.90","1,140.70","1,171.95","1,131.65","1,165.62/td>","1,151.80","1,155.80",1.0000
,,,,,,ÇÏ¶ô-2.20,,
2017.07.07,"1,165.10","1,142.90","1,174.19","1,133.81","1,167.84/td>","1,154.00","1,153.50",1.0000
,,,,,,ÇÏ¶ô-3.50,,
2017.07.06,"1,168.70","1,146.30","1,177.75","1,137.25","1,171.39/td>","1,157.50","1,149.30",1.0000
,,,,,,»ó½Â4.00,,
2017.07.05,"1,164.60","1,142.40","1,173.68","1,133.32","1,167.34/td>","1,153.50","1,149.30",1.0000
,,,,,,»ó½Â4.50,,
2017.07.04,"1,160.10","1,137.90","1,169.10","1,128.90","1,162.78/td>","1,149.00","1,145.00",1.0000
2017.07.03,"1,160.10","1,137.90","1,169.10","1,128.90","1,162.78/td>","1,149.00","1,144.00",1.0000
,,,,,,»ó½Â6.00,,
2017.06.30,"1,154.00","1,132.00","1,163.00","1,123.00","1,156.71/td>","1,143.00","1,139.60",1.0000
,,,,,,»ó½Â3.00,,
2017.06.29,"1,151.00","1,129.00","1,159.95","1,120.05","1,153.68/td>","1,140.00","1,141.70",1.0000
,,,,,,ÇÏ¶ô-4.50,,
2017.06.28,"1,155.60","1,133.40","1,164.52","1,124.48","1,158.23/td>","1,144.50","1,136.40",1.0000
,,,,,,»ó½Â8.00,,
2017.06.27,"1,147.50","1,125.50","1,156.38","1,116.62","1,150.13/td>","1,136.50","1,135.20",1.0000
,,,,,,ÇÏ¶ô-0.50,,
2017.06.26,"1,148.00","1,126.00","1,156.89","1,117.11","1,150.64/td>","1,137.00","1,140.10",1.0000
,,,,,,ÇÏ¶ô-1.00,,
2017.06.23,"1,149.00","1,127.00","1,157.91","1,118.09","1,151.65/td>","1,138.00","1,140.80",1.0000
,,,,,,ÇÏ¶ô-5.00,,
2017.06.22,"1,154.00","1,132.00","1,163.00","1,123.00","1,156.71/td>","1,143.00","1,142.20",1.0000
,,,,,,ÇÏ¶ô-1.00,,
2017.06.21,"1,155.00","1,133.00","1,164.02","1,123.98","1,157.72/td>","1,144.00","1,137.00",1.0000
,,,,,,»ó½Â6.50,,
2017.06.20,"1,148.50","1,126.50","1,157.40","1,117.60","1,151.15/td>","1,137.50","1,131.40",1.0000
,,,,,,»ó½Â4.00,,
2017.06.19,"1,144.40","1,122.60","1,153.33","1,113.67","1,147.10/td>","1,133.50","1,133.00",1.0000
2017.06.16,"1,144.40","1,122.60","1,153.33","1,113.67","1,147.10/td>","1,133.50","1,122.80",1.0000
,,,,,,»ó½Â7.50,,
2017.06.15,"1,136.90","1,115.10","1,145.70","1,106.30","1,139.51/td>","1,126.00","1,125.60",1.0000
,,,,,,»ó½Â1.50,,
2017.06.14,"1,135.40","1,113.60","1,144.17","1,104.83","1,137.99/td>","1,124.50","1,128.90",1.0000
,,,,,,ÇÏ¶ô-5.00,,
2017.06.13,"1,140.40","1,118.60","1,149.26","1,109.74","1,143.05/td>","1,129.50","1,126.00",1.0000
,,,,,,ÇÏ¶ô-1.00,,
2017.06.12,"1,141.40","1,119.60","1,150.28","1,110.72","1,144.06/td>","1,130.50","1,121.60",1.0000
,,,,,,»ó½Â6.50,,
2017.06.09,"1,134.90","1,113.10","1,143.67","1,104.33","1,137.48/td>","1,124.00","1,125.00",1.0000
,,,,,,»ó½Â1.50,,
2017.06.08,"1,133.30","1,111.70","1,142.14","1,102.86","1,135.97/td>","1,122.50","1,122.00",1.0000
,,,,,,ÇÏ¶ô-0.50,,
2017.06.07,"1,133.80","1,112.20","1,142.65","1,103.35","1,136.47/td>","1,123.00","1,118.40",1.0000
,,,,,,»ó½Â5.00,,
2017.06.05,"1,128.80","1,107.20","1,137.56","1,098.44","1,131.41/td>","1,118.00","1,120.90",1.0000
,,,,,,ÇÏ¶ô-5.00,,
2017.06.02,"1,133.80","1,112.20","1,142.65","1,103.35","1,136.47/td>","1,123.00","1,120.40",1.0000
,,,,,,»ó½Â1.50,,
2017.06.01,"1,132.30","1,110.70","1,141.12","1,101.88","1,134.95/td>","1,121.50","1,121.80",1.0000
,,,,,,»ó½Â3.00,,
2017.05.31,"1,129.30","1,107.70","1,138.07","1,098.93","1,131.92/td>","1,118.50","1,123.90",1.0000
,,,,,,ÇÏ¶ô-6.50,,
2017.05.30,"1,135.90","1,114.10","1,144.68","1,105.32","1,138.50/td>","1,125.00","1,120.10",1.0000
,,,,,,»ó½Â3.30,,
2017.05.29,"1,132.50","1,110.90","1,141.32","1,102.08","1,135.16/td>","1,121.70","1,119.50",1.0000
,,,,,,»ó½Â2.70,,
2017.05.26,"1,129.80","1,108.20","1,138.58","1,099.42","1,132.42/td>","1,119.00","1,118.00",1.0000
,,,,,,»ó½Â0.50,,
2017.05.25,"1,129.30","1,107.70","1,138.07","1,098.93","1,131.92/td>","1,118.50","1,126.60",1.0000
,,,,,,ÇÏ¶ô-6.00,,
2017.05.24,"1,135.40","1,113.60","1,144.17","1,104.83","1,137.99/td>","1,124.50","1,120.60",1.0000
,,,,,,»ó½Â0.50,,
2017.05.23,"1,134.90","1,113.10","1,143.67","1,104.33","1,137.48/td>","1,124.00","1,117.10",1.0000
,,,,,,»ó½Â5.00,,
2017.05.22,"1,129.80","1,108.20","1,138.58","1,099.42","1,132.42/td>","1,119.00","1,127.50",1.0000
,,,,,,ÇÏ¶ô-4.00,,
2017.05.19,"1,133.80","1,112.20","1,142.65","1,103.35","1,136.47/td>","1,123.00","1,125.20",1.0000
,,,,,,ÇÏ¶ô-2.00,,
2017.05.18,"1,135.90","1,114.10","1,144.68","1,105.32","1,138.50/td>","1,125.00","1,118.40",1.0000
,,,,,,»ó½Â4.50,,
2017.05.17,"1,131.30","1,109.70","1,140.10","1,100.90","1,133.94/td>","1,120.50","1,117.70",1.0000
,,,,,,»ó½Â2.50,,
2017.05.16,"1,128.80","1,107.20","1,137.56","1,098.44","1,131.41/td>","1,118.00","1,125.40",1.0000
,,,,,,ÇÏ¶ô-5.20,,
2017.05.15,"1,134.00","1,112.40","1,142.85","1,103.55","1,136.67/td>","1,123.20","1,126.80",1.0000
,,,,,,ÇÏ¶ô-4.30,,
2017.05.12,"1,138.40","1,116.60","1,147.23","1,107.77","1,141.03/td>","1,127.50","1,130.40",1.0000
,,,,,,ÇÏ¶ô-1.50,,
2017.05.11,"1,139.90","1,118.10","1,148.75","1,109.25","1,142.54/td>","1,129.00","1,134.50",1.0000
,,,,,,ÇÏ¶ô-7.00,,
2017.05.10,"1,147.00","1,125.00","1,155.88","1,116.12","1,149.63/td>","1,136.00","1,132.40",1.0000
,,,,,,»ó½Â3.20,,
2017.05.08,"1,143.70","1,121.90","1,152.62","1,112.98","1,146.39/td>","1,132.80","1,132.10",1.0000
,,,,,,ÇÏ¶ô-1.20,,
2017.05.04,"1,144.90","1,123.10","1,153.84","1,114.16","1,147.60/td>","1,134.00","1,130.70",1.0000
,,,,,,»ó½Â3.50,,
2017.05.02,"1,141.40","1,119.60","1,150.28","1,110.72","1,144.06/td>","1,130.50","1,133.40",1.0000
,,,,,,ÇÏ¶ô-7.50,,
2017.04.28,"1,149.00","1,127.00","1,157.91","1,118.09","1,151.65/td>","1,138.00","1,130.10",1.0000
,,,,,,»ó½Â4.00,,
2017.04.27,"1,144.90","1,123.10","1,153.84","1,114.16","1,147.60/td>","1,134.00","1,125.10",1.0000
,,,,,,»ó½Â5.00,,
2017.04.26,"1,139.90","1,118.10","1,148.75","1,109.25","1,142.54/td>","1,129.00","1,130.50",1.0000
,,,,,,»ó½Â2.00,,
2017.04.25,"1,137.90","1,116.10","1,146.72","1,107.28","1,140.52/td>","1,127.00","1,131.70",1.0000
,,,,,,ÇÏ¶ô-3.00,,
2017.04.24,"1,140.90","1,119.10","1,149.77","1,110.23","1,143.56/td>","1,130.00","1,136.60",1.0000
,,,,,,ÇÏ¶ô-6.00,,
2017.04.21,"1,147.00","1,125.00","1,155.88","1,116.12","1,149.63/td>","1,136.00","1,141.40",1.0000
,,,,,,ÇÏ¶ô-2.50,,
2017.04.20,"1,149.50","1,127.50","1,158.42","1,118.58","1,152.16/td>","1,138.50","1,139.80",1.0000
,,,,,,ÇÏ¶ô-2.00,,
2017.04.19,"1,151.50","1,129.50","1,160.45","1,120.55","1,154.18/td>","1,140.50","1,137.90",1.0000
,,,,,,ÇÏ¶ô-3.00,,
2017.04.18,"1,154.50","1,132.50","1,163.51","1,123.49","1,157.22/td>","1,143.50","1,136.50",1.0000
,,,,,,»ó½Â6.00,,
2017.04.17,"1,148.50","1,126.50","1,157.40","1,117.60","1,151.15/td>","1,137.50","1,138.80",1.0000
,,,,,,ÇÏ¶ô-3.50,,
2017.04.14,"1,152.00","1,130.00","1,160.96","1,121.04","1,154.69/td>","1,141.00","1,131.90",1.0000
,,,,,,»ó½Â9.50,,
2017.04.13,"1,142.40","1,120.60","1,151.30","1,111.70","1,145.07/td>","1,131.50","1,145.20",1.0000
,,,,,,ÇÏ¶ô-8.50,,
2017.04.12,"1,151.00","1,129.00","1,159.95","1,120.05","1,153.68/td>","1,140.00","1,145.80",1.0000
,,,,,,ÇÏ¶ô-6.00,,
2017.04.11,"1,157.10","1,134.90","1,166.05","1,125.95","1,159.75/td>","1,146.00","1,141.60",1.0000
,,,,,,»ó½Â4.00,,
2017.04.10,"1,153.00","1,131.00","1,161.98","1,122.02","1,155.70/td>","1,142.00","1,134.60",1.0000
,,,,,,»ó½Â8.00,,
2017.04.07,"1,144.90","1,123.10","1,153.84","1,114.16","1,147.60/td>","1,134.00","1,131.00",1.0000
,,,,,,»ó½Â2.50,,
2017.04.06,"1,142.40","1,120.60","1,151.30","1,111.70","1,145.07/td>","1,131.50","1,124.00",1.0000
,,,,,,»ó½Â6.50,,
2017.04.05,"1,135.90","1,114.10","1,144.68","1,105.32","1,138.50/td>","1,125.00","1,118.90",1.0000
,,,,,,»ó½Â1.50,,
2017.04.04,"1,134.30","1,112.70","1,143.16","1,103.84","1,136.98/td>","1,123.50","1,113.80",1.0000
,,,,,,»ó½Â5.50,,
2017.04.03,"1,128.80","1,107.20","1,137.56","1,098.44","1,131.41/td>","1,118.00","1,119.30",1.0000
2017.03.31,"1,128.80","1,107.20","1,137.56","1,098.44","1,131.41/td>","1,118.00","1,116.10",1.0000
,,,,,,»ó½Â1.00,,
2017.03.30,"1,127.80","1,106.20","1,136.54","1,097.46","1,130.40/td>","1,117.00","1,114.00",1.0000
,,,,,,»ó½Â2.50,,
2017.03.29,"1,125.30","1,103.70","1,134.00","1,095.00","1,127.87/td>","1,114.50","1,112.50",1.0000
,,,,,,»ó½Â1.50,,
2017.03.28,"1,123.70","1,102.30","1,132.47","1,093.53","1,126.35/td>","1,113.00","1,114.20",1.0000
,,,,,,»ó½Â0.50,,
2017.03.27,"1,123.20","1,101.80","1,131.96","1,093.04","1,125.85/td>","1,112.50","1,122.70",1.0000
,,,,,,ÇÏ¶ô-10.00,,
2017.03.24,"1,133.30","1,111.70","1,142.14","1,102.86","1,135.97/td>","1,122.50","1,120.00",1.0000
2017.03.23,"1,133.30","1,111.70","1,142.14","1,102.86","1,135.97/td>","1,122.50","1,123.80",1.0000
,,,,,,ÇÏ¶ô-1.50,,
2017.03.22,"1,134.90","1,113.10","1,143.67","1,104.33","1,137.48/td>","1,124.00","1,117.50",1.0000
,,,,,,»ó½Â4.50,,
2017.03.21,"1,130.30","1,108.70","1,139.09","1,099.91","1,132.93/td>","1,119.50","1,124.50",1.0000
,,,,,,ÇÏ¶ô-0.50,,
2017.03.20,"1,130.80","1,109.20","1,139.60","1,100.40","1,133.44/td>","1,120.00","1,131.40",1.0000
,,,,,,ÇÏ¶ô-13.00,,
2017.03.17,"1,143.90","1,122.10","1,152.82","1,113.18","1,146.59/td>","1,133.00","1,131.70",1.0000
,,,,,,»ó½Â2.00,,
2017.03.16,"1,141.90","1,120.10","1,150.79","1,111.21","1,144.57/td>","1,131.00","1,146.30",1.0000
,,,,,,ÇÏ¶ô-13.00,,
2017.03.15,"1,155.00","1,133.00","1,164.02","1,123.98","1,157.72/td>","1,144.00","1,147.30",1.0000
,,,,,,ÇÏ¶ô-6.00,,
2017.03.14,"1,161.10","1,138.90","1,170.12","1,129.88","1,163.80/td>","1,150.00","1,147.70",1.0000
,,,,,,»ó½Â2.50,,
2017.03.13,"1,158.60","1,136.40","1,167.58","1,127.42","1,161.27/td>","1,147.50","1,158.20",1.0000
,,,,,,ÇÏ¶ô-10.00,,
2017.03.10,"1,168.70","1,146.30","1,177.75","1,137.25","1,171.39/td>","1,157.50","1,156.10",1.0000
,,,,,,ÇÏ¶ô-2.50,,
2017.03.09,"1,171.20","1,148.80","1,180.30","1,139.70","1,173.92/td>","1,160.00","1,146.60",1.0000
,,,,,,»ó½Â10.50,,
2017.03.08,"1,160.60","1,138.40","1,169.61","1,129.39","1,163.29/td>","1,149.50","1,151.20",1.0000
,,,,,,ÇÏ¶ô-0.50,,
2017.03.07,"1,161.10","1,138.90","1,170.12","1,129.88","1,163.80/td>","1,150.00","1,156.10",1.0000
,,,,,,ÇÏ¶ô-5.00,,
2017.03.06,"1,166.20","1,143.80","1,175.21","1,134.79","1,168.86/td>","1,155.00","1,152.70",1.0000
,,,,,,ÇÏ¶ô-2.00,,
2017.03.03,"1,168.20","1,145.80","1,177.24","1,136.76","1,170.88/td>","1,157.00","1,142.00",1.0000
,,,,,,»ó½Â13.00,,
2017.03.02,"1,155.00","1,133.00","1,164.02","1,123.98","1,157.72/td>","1,144.00","1,132.30",1.0000
,,,,,,»ó½Â16.00,,
2017.02.28,"1,138.90","1,117.10","1,147.74","1,108.26","1,141.53/td>","1,128.00","1,132.10",1.0000
,,,,,,ÇÏ¶ô-6.00,,
2017.02.27,"1,144.90","1,123.10","1,153.84","1,114.16","1,147.60/td>","1,134.00","1,131.00",1.0000
,,,,,,»ó½Â2.50,,
2017.02.24,"1,142.40","1,120.60","1,151.30","1,111.70","1,145.07/td>","1,131.50","1,138.80",1.0000
,,,,,,ÇÏ¶ô-7.00,,
2017.02.23,"1,149.50","1,127.50","1,158.42","1,118.58","1,152.16/td>","1,138.50","1,140.90",1.0000
,,,,,,ÇÏ¶ô-5.00,,
2017.02.22,"1,154.50","1,132.50","1,163.51","1,123.49","1,157.22/td>","1,143.50","1,146.80",1.0000
,,,,,,ÇÏ¶ô-3.00,,
2017.02.21,"1,157.60","1,135.40","1,166.56","1,126.44","1,160.25/td>","1,146.50","1,147.60",1.0000
,,,,,,ÇÏ¶ô-1.00,,
2017.02.20,"1,158.60","1,136.40","1,167.58","1,127.42","1,161.27/td>","1,147.50","1,145.30",1.0000
,,,,,,ÇÏ¶ô-0.50,,
2017.02.17,"1,159.10","1,136.90","1,168.09","1,127.91","1,161.77/td>","1,148.00","1,138.90",1.0000
,,,,,,»ó½Â7.50,,
2017.02.16,"1,151.50","1,129.50","1,160.45","1,120.55","1,154.18/td>","1,140.50","1,141.60",1.0000
,,,,,,ÇÏ¶ô-1.00,,
2017.02.15,"1,152.50","1,130.50","1,161.47","1,121.53","1,155.19/td>","1,141.50","1,144.50",1.0000
,,,,,,»ó½Â2.00,,
2017.02.14,"1,150.50","1,128.50","1,159.44","1,119.56","1,153.17/td>","1,139.50","1,151.90",1.0000
,,,,,,ÇÏ¶ô-12.00,,
2017.02.13,"1,162.60","1,140.40","1,171.65","1,131.35","1,165.31/td>","1,151.50","1,151.40",1.0000
,,,,,,»ó½Â3.50,,
2017.02.10,"1,159.10","1,136.90","1,168.09","1,127.91","1,161.77/td>","1,148.00","1,145.70",1.0000
,,,,,,»ó½Â3.00,,
2017.02.09,"1,156.10","1,133.90","1,165.03","1,124.97","1,158.74/td>","1,145.00","1,145.40",1.0000
,,,,,,ÇÏ¶ô-2.50,,
2017.02.08,"1,158.60","1,136.40","1,167.58","1,127.42","1,161.27/td>","1,147.50","1,142.10",1.0000
,,,,,,»ó½Â2.00,,
2017.02.07,"1,156.60","1,134.40","1,165.54","1,125.46","1,159.24/td>","1,145.50","1,137.70",1.0000
,,,,,,»ó½Â7.50,,
2017.02.06,"1,149.00","1,127.00","1,157.91","1,118.09","1,151.65/td>","1,138.00","1,146.80",1.0000
,,,,,,ÇÏ¶ô-11.00,,
2017.02.03,"1,160.10","1,137.90","1,169.10","1,128.90","1,162.78/td>","1,149.00","1,149.20",1.0000
,,,,,,»ó½Â3.00,,
2017.02.02,"1,157.10","1,134.90","1,166.05","1,125.95","1,159.75/td>","1,146.00","1,155.20",1.0000
,,,,,,ÇÏ¶ô-9.50,,
2017.02.01,"1,166.70","1,144.30","1,175.72","1,135.28","1,169.36/td>","1,155.50","1,165.50",1.0000
,,,,,,ÇÏ¶ô-8.50,,
2017.01.31,"1,175.20","1,152.80","1,184.37","1,143.63","1,177.96/td>","1,164.00","1,157.80",1.0000
,,,,,,»ó½Â1.50,,
2017.01.26,"1,173.70","1,151.30","1,182.84","1,142.16","1,176.45/td>","1,162.50","1,166.20",1.0000
,,,,,,ÇÏ¶ô-3.50,,
2017.01.25,"1,177.30","1,154.70","1,186.40","1,145.60","1,179.99/td>","1,166.00","1,163.60",1.0000
,,,,,,ÇÏ¶ô-1.00,,
2017.01.24,"1,178.30","1,155.70","1,187.42","1,146.58","1,181.00/td>","1,167.00","1,166.70",1.0000
,,,,,,ÇÏ¶ô-1.50,,
2017.01.23,"1,179.80","1,157.20","1,188.94","1,148.06","1,182.52/td>","1,168.50","1,172.50",1.0000
,,,,,,ÇÏ¶ô-5.50,,
2017.01.20,"1,185.30","1,162.70","1,194.54","1,153.46","1,188.08/td>","1,174.00","1,177.10",1.0000
,,,,,,ÇÏ¶ô-3.50,,
2017.01.19,"1,188.90","1,166.10","1,198.10","1,156.90","1,191.63/td>","1,177.50","1,165.60",1.0000
,,,,,,»ó½Â11.00,,
2017.01.18,"1,177.80","1,155.20","1,186.91","1,146.09","1,180.49/td>","1,166.50","1,180.90",1.0000
,,,,,,ÇÏ¶ô-3.00,,
2017.01.17,"1,180.80","1,158.20","1,189.96","1,149.04","1,183.53/td>","1,169.50","1,180.50",1.0000
,,,,,,ÇÏ¶ô-15.00,,
2017.01.16,"1,195.90","1,173.10","1,205.22","1,163.78","1,198.71/td>","1,184.50","1,177.70",1.0000
,,,,,,»ó½Â9.50,,
2017.01.13,"1,186.30","1,163.70","1,195.56","1,154.44","1,189.10/td>","1,175.00","1,182.80",1.0000
,,,,,,ÇÏ¶ô-3.00,,
2017.01.12,"1,189.40","1,166.60","1,198.61","1,157.39","1,192.13/td>","1,178.00","1,196.40",1.0000
,,,,,,ÇÏ¶ô-18.00,,
2017.01.11,"1,207.60","1,184.40","1,216.93","1,175.07","1,210.35/td>","1,196.00","1,198.70",1.0000
,,,,,,ÇÏ¶ô-1.50,,
2017.01.10,"1,209.10","1,185.90","1,218.45","1,176.55","1,211.87/td>","1,197.50","1,205.50",1.0000
,,,,,,ÇÏ¶ô-8.50,,
2017.01.09,"1,217.60","1,194.40","1,227.10","1,184.90","1,220.47/td>","1,206.00","1,189.10",1.0000
,,,,,,»ó½Â12.50,,
2017.01.06,"1,205.00","1,182.00","1,214.38","1,172.62","1,207.82/td>","1,193.50","1,191.60",1.0000
,,,,,,»ó½Â5.50,,
2017.01.05,"1,199.50","1,176.50","1,208.79","1,167.21","1,202.25/td>","1,188.00","1,206.70",1.0000
,,,,,,ÇÏ¶ô-15.00,,
2017.01.04,"1,214.60","1,191.40","1,224.05","1,181.95","1,217.43/td>","1,203.00","1,206.20",1.0000
,,,,,,ÇÏ¶ô-3.00,,
2017.01.03,"1,217.60","1,194.40","1,227.10","1,184.90","1,220.47/td>","1,206.00","1,207.80",1.0000
,,,,,,ÇÏ¶ô-3.00,,
2017.01.02,"1,220.70","1,197.30","1,230.15","1,187.85","1,223.50/td>","1,209.00","1,208.50",1.0000
,,,,,,»ó½Â7.00,,
2016.12.30,"1,213.60","1,190.40","1,223.03","1,180.97","1,216.42/td>","1,202.00","1,208.50",1.0000
,,,,,,ÇÏ¶ô-6.00,,
2016.12.29,"1,219.70","1,196.30","1,229.14","1,186.86","1,222.49/td>","1,208.00","1,207.60",1.0000
,,,,,,ÇÏ¶ô-2.50,,
2016.12.28,"1,222.20","1,198.80","1,231.68","1,189.32","1,225.02/td>","1,210.50","1,205.30",1.0000
,,,,,,»ó½Â2.50,,
2016.12.27,"1,219.70","1,196.30","1,229.14","1,186.86","1,222.49/td>","1,208.00","1,199.40",1.0000
,,,,,,»ó½Â6.50,,
2016.12.26,"1,213.10","1,189.90","1,222.52","1,180.48","1,215.91/td>","1,201.50","1,202.90",1.0000
,,,,,,ÇÏ¶ô-3.00,,
2016.12.23,"1,216.10","1,192.90","1,225.57","1,183.43","1,218.95/td>","1,204.50","1,198.00",1.0000
,,,,,,»ó½Â3.00,,
2016.12.22,"1,213.10","1,189.90","1,222.52","1,180.48","1,215.91/td>","1,201.50","1,194.20",1.0000
,,,,,,»ó½Â7.00,,
2016.12.21,"1,206.00","1,183.00","1,215.40","1,173.60","1,208.83/td>","1,194.50","1,191.20",1.0000
,,,,,,»ó½Â0.50,,
2016.12.20,"1,205.50","1,182.50","1,214.89","1,173.11","1,208.32/td>","1,194.00","1,186.40",1.0000
,,,,,,»ó½Â6.00,,
2016.12.19,"1,199.50","1,176.50","1,208.79","1,167.21","1,202.25/td>","1,188.00","1,183.40",1.0000
,,,,,,»ó½Â2.00,,
2016.12.16,"1,197.50","1,174.50","1,206.75","1,165.25","1,200.23/td>","1,186.00","1,180.10",1.0000
,,,,,,»ó½Â5.50,,
2016.12.15,"1,191.90","1,169.10","1,201.15","1,159.85","1,194.66/td>","1,180.50","1,168.30",1.0000
,,,,,,»ó½Â11.50,,
2016.12.14,"1,180.30","1,157.70","1,189.45","1,148.55","1,183.02/td>","1,169.00","1,165.50",1.0000
,,,,,,»ó½Â1.00,,
2016.12.13,"1,179.30","1,156.70","1,188.44","1,147.56","1,182.01/td>","1,168.00","1,170.20",1.0000
,,,,,,ÇÏ¶ô-1.50,,
2016.12.12,"1,180.80","1,158.20","1,189.96","1,149.04","1,183.53/td>","1,169.50","1,166.20",1.0000
,,,,,,»ó½Â3.50,,
2016.12.09,"1,177.30","1,154.70","1,186.40","1,145.60","1,179.99/td>","1,166.00","1,159.10",1.0000
,,,,,,»ó½Â7.00,,
2016.12.08,"1,170.20","1,147.80","1,179.28","1,138.72","1,172.90/td>","1,159.00","1,169.40",1.0000
,,,,,,ÇÏ¶ô-9.00,,
2016.12.07,"1,179.30","1,156.70","1,188.44","1,147.56","1,182.01/td>","1,168.00","1,169.50",1.0000
,,,,,,ÇÏ¶ô-3.00,,
2016.12.06,"1,182.30","1,159.70","1,191.49","1,150.51","1,185.05/td>","1,171.00","1,173.80",1.0000
,,,,,,ÇÏ¶ô-0.50,,
2016.12.05,"1,182.80","1,160.20","1,192.00","1,151.00","1,185.55/td>","1,171.50","1,170.50",1.0000
,,,,,,ÇÏ¶ô-0.50,,
2016.12.02,"1,183.30","1,160.70","1,192.51","1,151.49","1,186.06/td>","1,172.00","1,172.60",1.0000
,,,,,,»ó½Â3.00,,
2016.12.01,"1,180.30","1,157.70","1,189.45","1,148.55","1,183.02/td>","1,169.00","1,168.00",1.0000
,,,,,,ÇÏ¶ô-2.00,,
2016.11.30,"1,182.30","1,159.70","1,191.49","1,150.51","1,185.05/td>","1,171.00","1,168.50",1.0000
,,,,,,ÇÏ¶ô-1.00,,
2016.11.29,"1,183.30","1,160.70","1,192.51","1,151.49","1,186.06/td>","1,172.00","1,170.30",1.0000
,,,,,,»ó½Â3.00,,
2016.11.28,"1,180.30","1,157.70","1,189.45","1,148.55","1,183.02/td>","1,169.00","1,178.90",1.0000
,,,,,,ÇÏ¶ô-7.00,,
2016.11.25,"1,187.40","1,164.60","1,196.58","1,155.42","1,190.11/td>","1,176.00","1,182.40",1.0000
,,,,,,ÇÏ¶ô-4.50,,
2016.11.24,"1,191.90","1,169.10","1,201.15","1,159.85","1,194.66/td>","1,180.50","1,174.90",1.0000
,,,,,,»ó½Â4.00,,
2016.11.23,"1,187.90","1,165.10","1,197.08","1,155.92","1,190.61/td>","1,176.50","1,175.50",1.0000
,,,,,,»ó½Â1.00,,
2016.11.22,"1,186.90","1,164.10","1,196.07","1,154.93","1,189.60/td>","1,175.50","1,183.60",1.0000
,,,,,,ÇÏ¶ô-5.00,,
2016.11.21,"1,191.90","1,169.10","1,201.15","1,159.85","1,194.66/td>","1,180.50","1,182.30",1.0000
,,,,,,ÇÏ¶ô-2.50,,
2016.11.18,"1,194.40","1,171.60","1,203.70","1,162.30","1,197.19/td>","1,183.00","1,174.40",1.0000
,,,,,,»ó½Â8.50,,
2016.11.17,"1,185.80","1,163.20","1,195.05","1,153.95","1,188.59/td>","1,174.50","1,167.20",1.0000
,,,,,,»ó½Â2.00,,
2016.11.16,"1,183.80","1,161.20","1,193.01","1,151.99","1,186.57/td>","1,172.50","1,168.80",1.0000
,,,,,,»ó½Â6.50,,
2016.11.15,"1,177.30","1,154.70","1,186.40","1,145.60","1,179.99/td>","1,166.00","1,169.80",1.0000
,,,,,,ÇÏ¶ô-7.50,,
2016.11.14,"1,184.80","1,162.20","1,194.03","1,152.97","1,187.58/td>","1,173.50","1,164.40",1.0000
,,,,,,»ó½Â6.00,,
2016.11.11,"1,178.80","1,156.20","1,187.93","1,147.07","1,181.51/td>","1,167.50","1,151.00",1.0000
,,,,,,»ó½Â15.00,,
2016.11.10,"1,163.60","1,141.40","1,172.66","1,132.34","1,166.33/td>","1,152.50","1,145.80",1.0000
,,,,,,»ó½Â4.50,,
2016.11.09,"1,159.10","1,136.90","1,168.09","1,127.91","1,161.77/td>","1,148.00","1,137.50",1.0000
,,,,,,»ó½Â12.50,,
2016.11.08,"1,146.50","1,124.50","1,155.37","1,115.63","1,149.12/td>","1,135.50","1,141.60",1.0000
,,,,,,ÇÏ¶ô-7.50,,
2016.11.07,"1,154.00","1,132.00","1,163.00","1,123.00","1,156.71/td>","1,143.00","1,143.40",1.0000
,,,,,,ÇÏ¶ô-1.00,,
2016.11.04,"1,155.00","1,133.00","1,164.02","1,123.98","1,157.72/td>","1,144.00","1,140.60",1.0000
,,,,,,»ó½Â1.50,,
2016.11.03,"1,153.50","1,131.50","1,162.49","1,122.51","1,156.21/td>","1,142.50","1,148.70",1.0000
,,,,,,ÇÏ¶ô-4.00,,
2016.11.02,"1,157.60","1,135.40","1,166.56","1,126.44","1,160.25/td>","1,146.50","1,141.80",1.0000
,,,,,,»ó½Â5.00,,
2016.11.01,"1,152.50","1,130.50","1,161.47","1,121.53","1,155.19/td>","1,141.50","1,144.60",1.0000
,,,,,,ÇÏ¶ô-3.00,,
2016.10.31,"1,155.60","1,133.40","1,164.52","1,124.48","1,158.23/td>","1,144.50","1,145.20",1.0000
,,,,,,ÇÏ¶ô-1.00,,
2016.10.28,"1,156.60","1,134.40","1,165.54","1,125.46","1,159.24/td>","1,145.50","1,140.20",1.0000
,,,,,,»ó½Â3.00,,
2016.10.27,"1,153.50","1,131.50","1,162.49","1,122.51","1,156.21/td>","1,142.50","1,132.40",1.0000
,,,,,,»ó½Â8.50,,
2016.10.26,"1,144.90","1,123.10","1,153.84","1,114.16","1,147.60/td>","1,134.00","1,136.50",1.0000
,,,,,,»ó½Â0.50,,
2016.10.25,"1,144.40","1,122.60","1,153.33","1,113.67","1,147.10/td>","1,133.50","1,134.50",1.0000
,,,,,,»ó½Â2.00,,
2016.10.24,"1,142.40","1,120.60","1,151.30","1,111.70","1,145.07/td>","1,131.50","1,134.50",1.0000
,,,,,,ÇÏ¶ô-5.00,,
2016.10.21,"1,147.50","1,125.50","1,156.38","1,116.62","1,150.13/td>","1,136.50","1,124.00",1.0000
,,,,,,»ó½Â9.00,,
2016.10.20,"1,138.40","1,116.60","1,147.23","1,107.77","1,141.03/td>","1,127.50","1,122.80",1.0000
,,,,,,»ó½Â4.50,,
2016.10.19,"1,133.80","1,112.20","1,142.65","1,103.35","1,136.47/td>","1,123.00","1,132.30",1.0000
,,,,,,ÇÏ¶ô-5.00,,
2016.10.18,"1,138.90","1,117.10","1,147.74","1,108.26","1,141.53/td>","1,128.00","1,140.30",1.0000
,,,,,,ÇÏ¶ô-12.50,,
2016.10.17,"1,151.50","1,129.50","1,160.45","1,120.55","1,154.18/td>","1,140.50","1,132.90",1.0000
,,,,,,»ó½Â8.50,,
2016.10.14,"1,142.90","1,121.10","1,151.81","1,112.19","1,145.58/td>","1,132.00","1,130.50",1.0000
,,,,,,ÇÏ¶ô-5.00,,
2016.10.13,"1,148.00","1,126.00","1,156.89","1,117.11","1,150.64/td>","1,137.00","1,123.30",1.0000
,,,,,,»ó½Â13.50,,
2016.10.12,"1,134.30","1,112.70","1,143.16","1,103.84","1,136.98/td>","1,123.50","1,117.20",1.0000
,,,,,,»ó½Â1.00,,
2016.10.11,"1,133.30","1,111.70","1,142.14","1,102.86","1,135.97/td>","1,122.50","1,111.00",1.0000
,,,,,,»ó½Â12.50,,
2016.10.10,"1,120.70","1,099.30","1,129.42","1,090.58","1,123.32/td>","1,110.00","1,115.70",1.0000
,,,,,,ÇÏ¶ô-5.00,,
2016.10.07,"1,125.80","1,104.20","1,134.51","1,095.49","1,128.38/td>","1,115.00","1,111.30",1.0000
,,,,,,»ó½Â2.00,,
2016.10.06,"1,123.70","1,102.30","1,132.47","1,093.53","1,126.35/td>","1,113.00","1,113.80",1.0000
,,,,,,ÇÏ¶ô-0.50,,
2016.10.05,"1,124.30","1,102.70","1,132.98","1,094.02","1,126.86/td>","1,113.50","1,105.10",1.0000
,,,,,,»ó½Â5.50,,
2016.10.04,"1,118.70","1,097.30","1,127.39","1,088.61","1,121.29/td>","1,108.00","1,102.00",1.0000
,,,,,,»ó½Â7.00,,
2016.09.30,"1,111.60","1,090.40","1,120.26","1,081.74","1,114.21/td>","1,101.00","1,096.30",1.0000
,,,,,,»ó½Â1.00,,
2016.09.29,"1,110.60","1,089.40","1,119.25","1,080.75","1,113.20/td>","1,100.00","1,095.70",1.0000
,,,,,,»ó½Â1.50,,
2016.09.28,"1,109.10","1,087.90","1,117.72","1,079.28","1,111.68/td>","1,098.50","1,103.50",1.0000
,,,,,,ÇÏ¶ô-1.00,,
2016.09.27,"1,110.10","1,088.90","1,118.74","1,080.26","1,112.69/td>","1,099.50","1,106.90",1.0000
,,,,,,ÇÏ¶ô-9.50,,
2016.09.26,"1,119.70","1,098.30","1,128.40","1,089.60","1,122.30/td>","1,109.00","1,104.20",1.0000
,,,,,,»ó½Â5.50,,
2016.09.23,"1,114.20","1,092.80","1,122.81","1,084.19","1,116.74/td>","1,103.50","1,103.10",1.0000
,,,,,,ÇÏ¶ô-1.00,,
2016.09.22,"1,115.20","1,093.80","1,123.82","1,085.18","1,117.75/td>","1,104.50","1,116.80",1.0000
,,,,,,ÇÏ¶ô-12.50,,
2016.09.21,"1,127.80","1,106.20","1,136.54","1,097.46","1,130.40/td>","1,117.00","1,119.50",1.0000
,,,,,,ÇÏ¶ô-4.00,,
2016.09.20,"1,131.80","1,110.20","1,140.61","1,101.39","1,134.45/td>","1,121.00","1,120.00",1.0000
,,,,,,»ó½Â1.50,,
2016.09.19,"1,130.30","1,108.70","1,139.09","1,099.91","1,132.93/td>","1,119.50","1,112.30",1.0000
,,,,,,ÇÏ¶ô-0.50,,
2016.09.13,"1,130.80","1,109.20","1,139.60","1,100.40","1,133.44/td>","1,120.00","1,110.60",1.0000
,,,,,,»ó½Â4.00,,
2016.09.12,"1,126.80","1,105.20","1,135.53","1,096.47","1,129.39/td>","1,116.00","1,099.50",1.0000
,,,,,,»ó½Â14.50,,
2016.09.09,"1,112.10","1,090.90","1,120.77","1,082.23","1,114.71/td>","1,101.50","1,093.20",1.0000
,,,,,,»ó½Â10.00,,
2016.09.08,"1,102.00","1,081.00","1,110.60","1,072.40","1,104.59/td>","1,091.50","1,093.20",1.0000
,,,,,,ÇÏ¶ô-0.50,,
2016.09.07,"1,102.50","1,081.50","1,111.11","1,072.89","1,105.10/td>","1,092.00","1,105.00",1.0000
,,,,,,ÇÏ¶ô-15.00,,
2016.09.06,"1,117.70","1,096.30","1,126.37","1,087.63","1,120.28/td>","1,107.00","1,108.20",1.0000
,,,,,,»ó½Â1.50,,
2016.09.05,"1,116.20","1,094.80","1,124.84","1,086.16","1,118.76/td>","1,105.50","1,117.60",1.0000
,,,,,,ÇÏ¶ô-13.00,,
2016.09.02,"1,129.30","1,107.70","1,138.07","1,098.93","1,131.92/td>","1,118.50","1,119.30",1.0000
,,,,,,ÇÏ¶ô-4.00,,
2016.09.01,"1,133.30","1,111.70","1,142.14","1,102.86","1,135.97/td>","1,122.50","1,117.40",1.0000
,,,,,,»ó½Â8.00,,
2016.08.31,"1,125.30","1,103.70","1,134.00","1,095.00","1,127.87/td>","1,114.50","1,118.50",1.0000
,,,,,,ÇÏ¶ô-3.50,,
2016.08.30,"1,128.80","1,107.20","1,137.56","1,098.44","1,131.41/td>","1,118.00","1,125.20",1.0000
,,,,,,ÇÏ¶ô-5.00,,
2016.08.29,"1,133.80","1,112.20","1,142.65","1,103.35","1,136.47/td>","1,123.00","1,113.90",1.0000
,,,,,,»ó½Â7.50,,
2016.08.26,"1,126.30","1,104.70","1,135.02","1,095.98","1,128.88/td>","1,115.50","1,119.00",1.0000
,,,,,,ÇÏ¶ô-0.50,,
2016.08.25,"1,126.80","1,105.20","1,135.53","1,096.47","1,129.39/td>","1,116.00","1,121.60",1.0000
,,,,,,ÇÏ¶ô-4.50,,
2016.08.24,"1,131.30","1,109.70","1,140.10","1,100.90","1,133.94/td>","1,120.50","1,117.40",1.0000
,,,,,,»ó½Â2.50,,
2016.08.23,"1,128.80","1,107.20","1,137.56","1,098.44","1,131.41/td>","1,118.00","1,125.30",1.0000
,,,,,,ÇÏ¶ô-8.00,,
2016.08.22,"1,136.90","1,115.10","1,145.70","1,106.30","1,139.51/td>","1,126.00","1,115.20",1.0000
,,,,,,»ó½Â4.00,,
2016.08.19,"1,132.80","1,111.20","1,141.63","1,102.37","1,135.46/td>","1,122.00","1,106.40",1.0000
,,,,,,»ó½Â13.50,,
2016.08.18,"1,119.20","1,097.80","1,127.89","1,089.11","1,121.80/td>","1,108.50","1,102.30",1.0000
,,,,,,ÇÏ¶ô-4.50,,
2016.08.17,"1,123.70","1,102.30","1,132.47","1,093.53","1,126.35/td>","1,113.00","1,095.00",1.0000
,,,,,,»ó½Â19.00,,
2016.08.16,"1,104.60","1,083.40","1,113.14","1,074.86","1,107.12/td>","1,094.00","1,101.10",1.0000
,,,,,,ÇÏ¶ô-11.50,,
2016.08.12,"1,116.20","1,094.80","1,124.84","1,086.16","1,118.76/td>","1,105.50","1,098.60",1.0000
,,,,,,»ó½Â5.50,,
2016.08.11,"1,110.60","1,089.40","1,119.25","1,080.75","1,113.20/td>","1,100.00","1,096.10",1.0000
,,,,,,»ó½Â4.50,,
2016.08.10,"1,106.10","1,084.90","1,114.67","1,076.33","1,108.64/td>","1,095.50","1,107.20",1.0000
,,,,,,ÇÏ¶ô-11.00,,
2016.08.09,"1,117.20","1,095.80","1,125.86","1,087.14","1,119.77/td>","1,106.50","1,112.70",1.0000
,,,,,,ÇÏ¶ô-2.00,,
2016.08.08,"1,119.20","1,097.80","1,127.89","1,089.11","1,121.80/td>","1,108.50","1,111.30",1.0000
,,,,,,ÇÏ¶ô-1.00,,
2016.08.05,"1,120.20","1,098.80","1,128.91","1,090.09","1,122.81/td>","1,109.50","1,113.80",1.0000
,,,,,,ÇÏ¶ô-5.00,,
2016.08.04,"1,125.30","1,103.70","1,134.00","1,095.00","1,127.87/td>","1,114.50","1,114.00",1.0000
,,,,,,ÇÏ¶ô-3.00,,
2016.08.03,"1,128.30","1,106.70","1,137.05","1,097.95","1,130.91/td>","1,117.50","1,108.90",1.0000
,,,,,,»ó½Â8.00,,
2016.08.02,"1,120.20","1,098.80","1,128.91","1,090.09","1,122.81/td>","1,109.50","1,111.00",1.0000
,,,,,,»ó½Â3.00,,
2016.08.01,"1,117.20","1,095.80","1,125.86","1,087.14","1,119.77/td>","1,106.50","1,122.40",1.0000
,,,,,,ÇÏ¶ô-17.00,,
2016.07.29,"1,134.30","1,112.70","1,143.16","1,103.84","1,136.98/td>","1,123.50","1,125.70",1.0000
,,,,,,ÇÏ¶ô-2.50,,
2016.07.28,"1,136.90","1,115.10","1,145.70","1,106.30","1,139.51/td>","1,126.00","1,134.10",1.0000
,,,,,,ÇÏ¶ô-9.50,,
2016.07.27,"1,146.50","1,124.50","1,155.37","1,115.63","1,149.12/td>","1,135.50","1,138.40",1.0000
,,,,,,ÇÏ¶ô-1.00,,
2016.07.26,"1,147.50","1,125.50","1,156.38","1,116.62","1,150.13/td>","1,136.50","1,136.90",1.0000
,,,,,,ÇÏ¶ô-2.50,,
2016.07.25,"1,150.00","1,128.00","1,158.93","1,119.07","1,152.66/td>","1,139.00","1,135.00",1.0000
,,,,,,»ó½Â1.00,,
2016.07.22,"1,149.00","1,127.00","1,157.91","1,118.09","1,151.65/td>","1,138.00","1,140.20",1.0000
,,,,,,»ó½Â1.00,,
2016.07.21,"1,148.00","1,126.00","1,156.89","1,117.11","1,150.64/td>","1,137.00","1,140.80",1.0000
,,,,,,ÇÏ¶ô-5.00,,
2016.07.20,"1,153.00","1,131.00","1,161.98","1,122.02","1,155.70/td>","1,142.00","1,138.40",1.0000
,,,,,,»ó½Â2.50,,
2016.07.19,"1,150.50","1,128.50","1,159.44","1,119.56","1,153.17/td>","1,139.50","1,136.30",1.0000
,,,,,,»ó½Â2.50,,
2016.07.18,"1,148.00","1,126.00","1,156.89","1,117.11","1,150.64/td>","1,137.00","1,132.70",1.0000
,,,,,,»ó½Â2.50,,
2016.07.15,"1,145.50","1,123.50","1,154.35","1,114.65","1,148.11/td>","1,134.50","1,141.80",1.0000
,,,,,,ÇÏ¶ô-3.00,,
2016.07.14,"1,148.50","1,126.50","1,157.40","1,117.60","1,151.15/td>","1,137.50","1,145.70",1.0000
,,,,,,ÇÏ¶ô-10.50,,
2016.07.13,"1,159.10","1,136.90","1,168.09","1,127.91","1,161.77/td>","1,148.00","1,149.30",1.0000
,,,,,,»ó½Â0.50,,
2016.07.12,"1,158.60","1,136.40","1,167.58","1,127.42","1,161.27/td>","1,147.50","1,147.80",1.0000
,,,,,,ÇÏ¶ô-1.50,,
2016.07.11,"1,160.10","1,137.90","1,169.10","1,128.90","1,162.78/td>","1,149.00","1,159.20",1.0000
,,,,,,ÇÏ¶ô-10.00,,
2016.07.08,"1,170.20","1,147.80","1,179.28","1,138.72","1,172.90/td>","1,159.00","1,156.60",1.0000
,,,,,,»ó½Â3.50,,
2016.07.07,"1,166.70","1,144.30","1,175.72","1,135.28","1,169.36/td>","1,155.50","1,165.80",1.0000
,,,,,,ÇÏ¶ô-9.50,,
2016.07.06,"1,176.30","1,153.70","1,185.38","1,144.62","1,178.98/td>","1,165.00","1,153.00",1.0000
,,,,,,»ó½Â7.50,,
2016.07.05,"1,168.70","1,146.30","1,177.75","1,137.25","1,171.39/td>","1,157.50","1,148.10",1.0000
,,,,,,»ó½Â8.50,,
2016.07.04,"1,160.10","1,137.90","1,169.10","1,128.90","1,162.78/td>","1,149.00","1,147.50",1.0000
,,,,,,»ó½Â1.50,,
2016.07.01,"1,158.60","1,136.40","1,167.58","1,127.42","1,161.27/td>","1,147.50","1,152.60",1.0000
,,,,,,ÇÏ¶ô-1.50,,
2016.06.30,"1,160.10","1,137.90","1,169.10","1,128.90","1,162.78/td>","1,149.00","1,164.70",1.0000
,,,,,,ÇÏ¶ô-9.00,,
2016.06.29,"1,169.20","1,146.80","1,178.26","1,137.74","1,171.89/td>","1,158.00","1,175.90",1.0000
,,,,,,ÇÏ¶ô-15.00,,
2016.06.28,"1,184.30","1,161.70","1,193.52","1,152.48","1,187.07/td>","1,173.00","1,183.30",1.0000
,,,,,,ÇÏ¶ô-7.50,,
2016.06.27,"1,191.90","1,169.10","1,201.15","1,159.85","1,194.66/td>","1,180.50","1,168.50",1.0000
,,,,,,»ó½Â4.50,,
2016.06.24,"1,187.40","1,164.60","1,196.58","1,155.42","1,190.11/td>","1,176.00","1,151.20",1.0000
,,,,,,»ó½Â25.00,,
2016.06.23,"1,162.10","1,139.90","1,171.14","1,130.86","1,164.81/td>","1,151.00","1,155.70",1.0000
,,,,,,ÇÏ¶ô-3.50,,
2016.06.22,"1,165.60","1,143.40","1,174.70","1,134.30","1,168.35/td>","1,154.50","1,158.20",1.0000
,,,,,,»ó½Â2.00,,
2016.06.21,"1,163.60","1,141.40","1,172.66","1,132.34","1,166.33/td>","1,152.50","1,163.20",1.0000
,,,,,,ÇÏ¶ô-8.50,,
2016.06.20,"1,172.20","1,149.80","1,181.31","1,140.69","1,174.93/td>","1,161.00","1,170.80",1.0000
,,,,,,ÇÏ¶ô-12.50,,
2016.06.17,"1,184.80","1,162.20","1,194.03","1,152.97","1,187.58/td>","1,173.50","1,170.10",1.0000
,,,,,,ÇÏ¶ô-0.50,,
2016.06.16,"1,185.30","1,162.70","1,194.54","1,153.46","1,188.08/td>","1,174.00","1,176.30",1.0000
2016.06.15,"1,185.30","1,162.70","1,194.54","1,153.46","1,188.08/td>","1,174.00","1,172.50",1.0000
,,,,,,ÇÏ¶ô-5.50,,
2016.06.14,"1,190.90","1,168.10","1,200.14","1,158.86","1,193.65/td>","1,179.50","1,172.80",1.0000
,,,,,,»ó½Â5.00,,
2016.06.13,"1,185.80","1,163.20","1,195.05","1,153.95","1,188.59/td>","1,174.50","1,163.10",1.0000
,,,,,,»ó½Â7.00,,
2016.06.10,"1,178.80","1,156.20","1,187.93","1,147.07","1,181.51/td>","1,167.50","1,155.80",1.0000
,,,,,,»ó½Â8.50,,
2016.06.09,"1,170.20","1,147.80","1,179.28","1,138.72","1,172.90/td>","1,159.00","1,156.50",1.0000
,,,,,,»ó½Â1.50,,
2016.06.08,"1,168.70","1,146.30","1,177.75","1,137.25","1,171.39/td>","1,157.50","1,163.20",1.0000
,,,,,,ÇÏ¶ô-1.50,,
2016.06.07,"1,170.20","1,147.80","1,179.28","1,138.72","1,172.90/td>","1,159.00","1,186.50",1.0000
,,,,,,ÇÏ¶ô-26.00,,
2016.06.03,"1,196.40","1,173.60","1,205.73","1,164.27","1,199.22/td>","1,185.00","1,189.60",1.0000
,,,,,,ÇÏ¶ô-3.50,,
2016.06.02,"1,200.00","1,177.00","1,209.29","1,167.71","1,202.76/td>","1,188.50","1,192.20",1.0000
,,,,,,ÇÏ¶ô-4.00,,
2016.06.01,"1,204.00","1,181.00","1,213.36","1,171.64","1,206.81/td>","1,192.50","1,190.50",1.0000
,,,,,,»ó½Â2.50,,
2016.05.31,"1,201.50","1,178.50","1,210.82","1,169.18","1,204.28/td>","1,190.00","1,190.60",1.0000
,,,,,,ÇÏ¶ô-1.50,,
2016.05.30,"1,203.00","1,180.00","1,212.35","1,170.65","1,205.79/td>","1,191.50","1,179.30",1.0000
,,,,,,»ó½Â11.00,,
2016.05.27,"1,191.90","1,169.10","1,201.15","1,159.85","1,194.66/td>","1,180.50","1,181.00",1.0000
,,,,,,ÇÏ¶ô-2.00,,
2016.05.26,"1,193.90","1,171.10","1,203.19","1,161.81","1,196.69/td>","1,182.50","1,185.80",1.0000
,,,,,,ÇÏ¶ô-0.50,,
2016.05.25,"1,194.40","1,171.60","1,203.70","1,162.30","1,197.19/td>","1,183.00","1,188.60",1.0000
,,,,,,ÇÏ¶ô-9.00,,
2016.05.24,"1,203.50","1,180.50","1,212.86","1,171.14","1,206.30/td>","1,192.00","1,183.10",1.0000
,,,,,,»ó½Â7.50,,
2016.05.23,"1,195.90","1,173.10","1,205.22","1,163.78","1,198.71/td>","1,184.50","1,188.40",1.0000
,,,,,,ÇÏ¶ô-7.50,,
2016.05.20,"1,203.50","1,180.50","1,212.86","1,171.14","1,206.30/td>","1,192.00","1,190.80",1.0000
,,,,,,»ó½Â2.00,,
2016.05.19,"1,201.50","1,178.50","1,210.82","1,169.18","1,204.28/td>","1,190.00","1,180.90",1.0000
,,,,,,»ó½Â6.00,,
2016.05.18,"1,195.40","1,172.60","1,204.72","1,163.28","1,198.20/td>","1,184.00","1,173.30",1.0000
,,,,,,»ó½Â9.50,,
2016.05.17,"1,185.80","1,163.20","1,195.05","1,153.95","1,188.59/td>","1,174.50","1,178.60",1.0000
,,,,,,ÇÏ¶ô-3.00,,
2016.05.16,"1,188.90","1,166.10","1,198.10","1,156.90","1,191.63/td>","1,177.50","1,169.40",1.0000
,,,,,,»ó½Â5.50,,
2016.05.13,"1,183.30","1,160.70","1,192.51","1,151.49","1,186.06/td>","1,172.00","1,164.10",1.0000
,,,,,,»ó½Â5.00,,
2016.05.12,"1,178.30","1,155.70","1,187.42","1,146.58","1,181.00/td>","1,167.00","1,168.10",1.0000
,,,,,,ÇÏ¶ô-3.00,,
2016.05.11,"1,181.30","1,158.70","1,190.47","1,149.53","1,184.04/td>","1,170.00","1,174.00",1.0000
,,,,,,ÇÏ¶ô-1.50,,
2016.05.10,"1,182.80","1,160.20","1,192.00","1,151.00","1,185.55/td>","1,171.50","1,164.70",1.0000
,,,,,,»ó½Â2.00,,
2016.05.09,"1,180.80","1,158.20","1,189.96","1,149.04","1,183.53/td>","1,169.50","1,153.50",1.0000
,,,,,,»ó½Â12.50,,
2016.05.04,"1,168.20","1,145.80","1,177.24","1,136.76","1,170.88/td>","1,157.00","1,137.10",1.0000
,,,,,,»ó½Â16.00,,
2016.05.03,"1,152.00","1,130.00","1,160.96","1,121.04","1,154.69/td>","1,141.00","1,140.80",1.0000
,,,,,,»ó½Â1.50,,
2016.05.02,"1,150.50","1,128.50","1,159.44","1,119.56","1,153.17/td>","1,139.50","1,138.10",1.0000
,,,,,,ÇÏ¶ô-1.50,,
2016.04.29,"1,152.00","1,130.00","1,160.96","1,121.04","1,154.69/td>","1,141.00","1,143.90",1.0000
,,,,,,»ó½Â1.00,,
2016.04.28,"1,151.00","1,129.00","1,159.95","1,120.05","1,153.68/td>","1,140.00","1,145.90",1.0000
,,,,,,ÇÏ¶ô-9.00,,
2016.04.27,"1,160.10","1,137.90","1,169.10","1,128.90","1,162.78/td>","1,149.00","1,149.70",1.0000
2016.04.26,"1,160.10","1,137.90","1,169.10","1,128.90","1,162.78/td>","1,149.00","1,149.70",1.0000
2016.04.25,"1,160.10","1,137.90","1,169.10","1,128.90","1,162.78/td>","1,149.00","1,141.10",1.0000
,,,,,,»ó½Â5.00,,
2016.04.22,"1,155.00","1,133.00","1,164.02","1,123.98","1,157.72/td>","1,144.00","1,134.90",1.0000
,,,,,,»ó½Â9.00,,
2016.04.21,"1,146.00","1,124.00","1,154.86","1,115.14","1,148.62/td>","1,135.00","1,132.30",1.0000
,,,,,,»ó½Â2.00,,
2016.04.20,"1,143.90","1,122.10","1,152.82","1,113.18","1,146.59/td>","1,133.00","1,140.50",1.0000
2016.04.19,"1,143.90","1,122.10","1,152.82","1,113.18","1,146.59/td>","1,133.00","1,151.10",1.0000
,,,,,,ÇÏ¶ô-15.50,,
2016.04.18,"1,159.60","1,137.40","1,168.59","1,128.41","1,162.28/td>","1,148.50","1,150.70",1.0000
,,,,,,»ó½Â0.50,,
2016.04.15,"1,159.10","1,136.90","1,168.09","1,127.91","1,161.77/td>","1,148.00","1,153.40",1.0000
,,,,,,ÇÏ¶ô-6.00,,
2016.04.14,"1,165.10","1,142.90","1,174.19","1,133.81","1,167.84/td>","1,154.00","1,144.70",1.0000
,,,,,,»ó½Â10.50,,
2016.04.12,"1,154.50","1,132.50","1,163.51","1,123.49","1,157.22/td>","1,143.50","1,149.20",1.0000
,,,,,,ÇÏ¶ô-4.00,,
2016.04.11,"1,158.60","1,136.40","1,167.58","1,127.42","1,161.27/td>","1,147.50","1,156.50",1.0000
,,,,,,ÇÏ¶ô-5.50,,
2016.04.08,"1,164.10","1,141.90","1,173.17","1,132.83","1,166.83/td>","1,153.00","1,154.50",1.0000
,,,,,,ÇÏ¶ô-0.50,,
2016.04.07,"1,164.60","1,142.40","1,173.68","1,133.32","1,167.34/td>","1,153.50","1,155.90",1.0000
,,,,,,ÇÏ¶ô-6.50,,
2016.04.06,"1,171.20","1,148.80","1,180.30","1,139.70","1,173.92/td>","1,160.00","1,155.00",1.0000
2016.04.05,"1,171.20","1,148.80","1,180.30","1,139.70","1,173.92/td>","1,160.00","1,147.80",1.0000
,,,,,,»ó½Â9.00,,
2016.04.04,"1,162.10","1,139.90","1,171.14","1,130.86","1,164.81/td>","1,151.00","1,148.90",1.0000
,,,,,,ÇÏ¶ô-1.00,,
2016.04.01,"1,163.10","1,140.90","1,172.16","1,131.84","1,165.82/td>","1,152.00","1,144.50",1.0000
,,,,,,»ó½Â12.00,,
2016.03.31,"1,151.00","1,129.00","1,159.95","1,120.05","1,153.68/td>","1,140.00","1,153.50",1.0000
,,,,,,ÇÏ¶ô-7.00,,
2016.03.30,"1,158.10","1,135.90","1,167.07","1,126.93","1,160.76/td>","1,147.00","1,163.00",1.0000
,,,,,,ÇÏ¶ô-18.50,,
2016.03.29,"1,176.80","1,154.20","1,185.89","1,145.11","1,179.48/td>","1,165.50","1,169.60",1.0000
,,,,,,ÇÏ¶ô-0.50,,
2016.03.28,"1,177.30","1,154.70","1,186.40","1,145.60","1,179.99/td>","1,166.00","1,169.40",1.0000
,,,,,,ÇÏ¶ô-4.00,,
2016.03.25,"1,181.30","1,158.70","1,190.47","1,149.53","1,184.04/td>","1,170.00","1,167.10",1.0000
,,,,,,»ó½Â2.00,,
2016.03.24,"1,179.30","1,156.70","1,188.44","1,147.56","1,182.01/td>","1,168.00","1,158.80",1.0000
,,,,,,»ó½Â6.00,,
2016.03.23,"1,173.20","1,150.80","1,182.33","1,141.67","1,175.94/td>","1,162.00","1,159.50",1.0000
,,,,,,»ó½Â3.00,,
2016.03.22,"1,170.20","1,147.80","1,179.28","1,138.72","1,172.90/td>","1,159.00","1,165.30",1.0000
,,,,,,ÇÏ¶ô-2.00,,
2016.03.21,"1,172.20","1,149.80","1,181.31","1,140.69","1,174.93/td>","1,161.00","1,161.30",1.0000
,,,,,,ÇÏ¶ô-2.00,,
2016.03.18,"1,174.20","1,151.80","1,183.35","1,142.65","1,176.95/td>","1,163.00","1,174.50",1.0000
,,,,,,ÇÏ¶ô-7.00,,
2016.03.17,"1,181.30","1,158.70","1,190.47","1,149.53","1,184.04/td>","1,170.00","1,192.70",1.0000
,,,,,,ÇÏ¶ô-24.00,,
2016.03.16,"1,205.50","1,182.50","1,214.89","1,173.11","1,208.32/td>","1,194.00","1,189.20",1.0000
,,,,,,»ó½Â3.00,,
2016.03.15,"1,202.50","1,179.50","1,211.84","1,170.16","1,205.29/td>","1,191.00","1,186.50",1.0000
,,,,,,»ó½Â3.50,,
2016.03.14,"1,199.00","1,176.00","1,208.28","1,166.72","1,201.75/td>","1,187.50","1,200.10",1.0000
,,,,,,ÇÏ¶ô-6.50,,
2016.03.11,"1,205.50","1,182.50","1,214.89","1,173.11","1,208.32/td>","1,194.00","1,208.80",1.0000
,,,,,,ÇÏ¶ô-7.50,,
2016.03.10,"1,213.10","1,189.90","1,222.52","1,180.48","1,215.91/td>","1,201.50","1,214.50",1.0000
,,,,,,ÇÏ¶ô-13.50,,
2016.03.09,"1,226.70","1,203.30","1,236.26","1,193.74","1,229.58/td>","1,215.00","1,205.20",1.0000
,,,,,,»ó½Â6.00,,
2016.03.08,"1,220.70","1,197.30","1,230.15","1,187.85","1,223.50/td>","1,209.00","1,200.70",1.0000
,,,,,,»ó½Â3.00,,
2016.03.07,"1,217.60","1,194.40","1,227.10","1,184.90","1,220.47/td>","1,206.00","1,208.50",1.0000
,,,,,,ÇÏ¶ô-1.00,,
2016.03.04,"1,218.70","1,195.30","1,228.12","1,185.88","1,221.48/td>","1,207.00","1,218.90",1.0000
,,,,,,ÇÏ¶ô-8.50,,
2016.03.03,"1,227.20","1,203.80","1,236.77","1,194.23","1,230.08/td>","1,215.50","1,232.70",1.0000
,,,,,,ÇÏ¶ô-12.50,,
2016.03.02,"1,239.90","1,216.10","1,249.49","1,206.51","1,242.73/td>","1,228.00","1,240.90",1.0000
,,,,,,ÇÏ¶ô-9.00,,
2016.02.29,"1,248.90","1,225.10","1,258.64","1,215.36","1,251.84/td>","1,237.00","1,235.40",1.0000
,,,,,,»ó½Â0.50,,
2016.02.26,"1,248.40","1,224.60","1,258.13","1,214.87","1,251.33/td>","1,236.50","1,236.10",1.0000
,,,,,,ÇÏ¶ô-4.50,,
2016.02.25,"1,253.00","1,229.00","1,262.71","1,219.29","1,255.89/td>","1,241.00","1,234.80",1.0000
,,,,,,»ó½Â6.50,,
2016.02.24,"1,246.40","1,222.60","1,256.10","1,212.90","1,249.31/td>","1,234.50","1,230.10",1.0000
,,,,,,»ó½Â2.50,,
2016.02.23,"1,243.90","1,220.10","1,253.56","1,210.44","1,246.78/td>","1,232.00","1,233.20",1.0000
2016.02.22,"1,243.90","1,220.10","1,253.56","1,210.44","1,246.78/td>","1,232.00","1,233.90",1.0000
,,,,,,ÇÏ¶ô-2.00,,
2016.02.19,"1,245.90","1,222.10","1,255.59","1,212.41","1,248.80/td>","1,234.00","1,225.70",1.0000
,,,,,,»ó½Â5.00,,
2016.02.18,"1,240.90","1,217.10","1,250.50","1,207.50","1,243.74/td>","1,229.00","1,224.80",1.0000
,,,,,,»ó½Â2.00,,
2016.02.17,"1,238.90","1,215.10","1,248.47","1,205.53","1,241.72/td>","1,227.00","1,216.60",1.0000
,,,,,,»ó½Â11.00,,
2016.02.16,"1,227.70","1,204.30","1,237.28","1,194.72","1,230.59/td>","1,216.00","1,209.90",1.0000
,,,,,,»ó½Â7.00,,
2016.02.15,"1,220.70","1,197.30","1,230.15","1,187.85","1,223.50/td>","1,209.00","1,206.50",1.0000
2016.02.12,"1,220.70","1,197.30","1,230.15","1,187.85","1,223.50/td>","1,209.00","1,197.00",1.0000
,,,,,,»ó½Â6.00,,
2016.02.11,"1,214.60","1,191.40","1,224.05","1,181.95","1,217.43/td>","1,203.00","1,195.10",1.0000
,,,,,,»ó½Â5.50,,
2016.02.05,"1,209.10","1,185.90","1,218.45","1,176.55","1,211.87/td>","1,197.50","1,202.70",1.0000
,,,,,,ÇÏ¶ô-0.50,,
2016.02.04,"1,209.60","1,186.40","1,218.96","1,177.04","1,212.37/td>","1,198.00","1,216.70",1.0000
,,,,,,ÇÏ¶ô-19.00,,
2016.02.03,"1,228.80","1,205.20","1,238.29","1,195.71","1,231.60/td>","1,217.00","1,203.10",1.0000
,,,,,,»ó½Â9.00,,
2016.02.02,"1,219.70","1,196.30","1,229.14","1,186.86","1,222.49/td>","1,208.00","1,204.50",1.0000
,,,,,,»ó½Â5.50,,
2016.02.01,"1,214.10","1,190.90","1,223.54","1,181.46","1,216.93/td>","1,202.50","1,206.20",1.0000
,,,,,,ÇÏ¶ô-2.50,,
2016.01.29,"1,216.60","1,193.40","1,226.08","1,183.92","1,219.46/td>","1,205.00","1,208.40",1.0000
,,,,,,ÇÏ¶ô-2.50,,
2016.01.28,"1,219.20","1,195.80","1,228.63","1,186.37","1,221.99/td>","1,207.50","1,201.00",1.0000
,,,,,,»ó½Â5.00,,
2016.01.27,"1,214.10","1,190.90","1,223.54","1,181.46","1,216.93/td>","1,202.50","1,201.40",1.0000
,,,,,,ÇÏ¶ô-2.00,,
2016.01.26,"1,216.10","1,192.90","1,225.57","1,183.43","1,218.95/td>","1,204.50","1,194.40",1.0000
,,,,,,»ó½Â7.50,,
2016.01.25,"1,208.60","1,185.40","1,217.94","1,176.06","1,211.36/td>","1,197.00","1,203.20",1.0000
,,,,,,ÇÏ¶ô-2.50,,
2016.01.22,"1,211.10","1,187.90","1,220.49","1,178.51","1,213.89/td>","1,199.50","1,209.90",1.0000
,,,,,,ÇÏ¶ô-14.00,,
2016.01.21,"1,225.20","1,201.80","1,234.73","1,192.27","1,228.06/td>","1,213.50","1,211.60",1.0000
,,,,,,ÇÏ¶ô-2.50,,
2016.01.20,"1,227.70","1,204.30","1,237.28","1,194.72","1,230.59/td>","1,216.00","1,209.90",1.0000
,,,,,,»ó½Â9.50,,
2016.01.19,"1,218.20","1,194.80","1,227.61","1,185.39","1,220.97/td>","1,206.50","1,212.50",1.0000
,,,,,,ÇÏ¶ô-5.00,,
2016.01.18,"1,223.20","1,199.80","1,232.70","1,190.30","1,226.03/td>","1,211.50","1,211.00",1.0000
,,,,,,ÇÏ¶ô-4.00,,
2016.01.15,"1,227.20","1,203.80","1,236.77","1,194.23","1,230.08/td>","1,215.50","1,212.70",1.0000
,,,,,,»ó½Â1.50,,
2016.01.14,"1,225.70","1,202.30","1,235.24","1,192.76","1,228.56/td>","1,214.00","1,206.40",1.0000
,,,,,,»ó½Â10.00,,
2016.01.13,"1,215.60","1,192.40","1,225.07","1,182.93","1,218.44/td>","1,204.00","1,208.50",1.0000
,,,,,,ÇÏ¶ô-7.00,,
2016.01.12,"1,222.70","1,199.30","1,232.19","1,189.81","1,225.53/td>","1,211.00","1,208.60",1.0000
,,,,,,»ó½Â4.50,,
2016.01.11,"1,218.20","1,194.80","1,227.61","1,185.39","1,220.97/td>","1,206.50","1,196.20",1.0000
,,,,,,»ó½Â7.50,,
2016.01.08,"1,210.60","1,187.40","1,219.98","1,178.02","1,213.38/td>","1,199.00","1,199.70",1.0000
2016.01.07,"1,210.60","1,187.40","1,219.98","1,178.02","1,213.38/td>","1,199.00","1,193.90",1.0000
2016.01.06,"1,210.60","1,187.40","1,219.98","1,178.02","1,213.38/td>","1,199.00","1,187.70",1.0000
,,,,,,»ó½Â10.50,,
2016.01.05,"1,200.00","1,177.00","1,209.29","1,167.71","1,202.76/td>","1,188.50","1,184.30",1.0000
,,,,,,ÇÏ¶ô-0.50,,
2016.01.04,"1,200.50","1,177.50","1,209.80","1,168.20","1,203.26/td>","1,189.00","1,172.00",1.0000
